ID,EC50,ION_ACTIVITY,CLASS,SMILE
END262,1.0633906,INACTIVE,TEST,CC(N)C(=O)NC(CO)c1nnc2cncc(CN3Cc4ccccc4C3)n12
END310,0.9551343964,INACTIVE,TEST,O=C1C=NC=C(CN2Cc3ccccc3C2)C=NNC(=O)CN1
END134,1.181422348,INACTIVE,TEST,N#Cc1ccc(-c2nnc3cncc(OC4NC(CO)C(F)C(O)C4F)n23)cc1
END291,0.6407696868,INACTIVE,TEST,OCC(COc1cncc2nnc(C3OC(CO)C(F)C3O)n12)c1ccc(F)c(F)c1
END274,1.0120937151,INACTIVE,TEST,N#Cc1ccc(-c2nnc3cncc(OC45CN6CN(CN(C6)C4)C5)n23)cc1
END25,0.531366158,INACTIVE,TEST,OCC(COc1cncc2nnc(C[P+](CO)(CO)CO)n12)c1ccc(F)c(F)c1
END260,0.7532216744,INACTIVE,TEST,CN(C)C(CNCc1nnn[nH]1)c1ccc(F)c(F)c1
END287,1.1880196946,INACTIVE,TEST,N#Cc1ccc(-c2nnc3cncc(OC4OCC(N)CO4)n23)cc1
END129,1.3904156177,INACTIVE,TEST,CN(C)C(COc1cncc2nnc(-c3ccc(C#N)cc3)n12)C(F)CNN
END32,2.4310990656,INACTIVE,TEST,NC(O)(Cc1cncc2nnc(-c3ccc(OC(F)F)cc3)n12)C(=O)O
END313,1.242140641,INACTIVE,TEST,CN(C)C1C(O)C(CO)=CC(Oc2cncc3nnc(-c4ccc(C#N)cc4)n23)C1F
END319,0.9746831599,INACTIVE,TEST,OCC1NC(Oc2cncc3nnc(-c4ccc(OC(F)F)cc4)n23)C(F)C(O)C1F
END48,1.2377943577,INACTIVE,TEST,N#Cc1ccc(-c2nnc3cncc(-c4cc(N)n[nH]c4=O)n23)cc1
END106,2.1957037571,INACTIVE,TEST,C[N+](C)(CCCC(=O)[O-])c1cncc2nnc(-c3ccc(C#N)cc3)n12
END155,2.2327577608,INACTIVE,TEST,OCC1OC(c2nnc3cncc(CN4Cc5ccccc5C4)n23)C(O)C1F
END22,1.0850581147,INACTIVE,TEST,NNCC(F)C(CO)COc1cncc2nnc(-c3ccc(OC(F)F)cc3)n12
END215,1.3150761105,INACTIVE,TEST,C=C1C(O)CN(c2ccnc(C(F)(F)F)c2)S1(=O)=O
END295,0.8236282963,INACTIVE,TEST,FC(F)Oc1ccc(-c2nnc3cncc(OC45CN6CN(CN(C6)C4)C5)n23)cc1
END263,1.0108446407,INACTIVE,TEST,CNN=CCOc1cncc2nnc(-c3ccc(C#N)cc3)n12
END308,0.8603660175,INACTIVE,TEST,OSCC1OC(c2ccc(F)c(F)c2)C(O)C1O
END298,2.7166104928,INACTIVE,TEST,N#Cc1ccc(-c2nnc3cncc(OCC4OC(CO)C(O)C(F)C4F)n23)cc1
END85,1.12613168,INACTIVE,TEST,OCC(c1ccc(F)c(F)c1)c1ncn2c(O)nncc12
END169,4.3345694214,INACTIVE,TEST,N#Cc1ccc(-c2nnc3cncc(OC(S)C(O)CO)n23)cc1
END230,3.0176524061,INACTIVE,TEST,CC(O)C(CO)Nc1cncc2nnc(-c3ccc(C#N)cc3)n12
END73,0.4425101706,INACTIVE,TEST,CC(=O)C(Cl)C(=O)N(C)C(CO)c1ccc(F)c(F)c1
END120,2.018254211,INACTIVE,TEST,OC[P+](CO)(CO)Cc1nnc2cncc(CN3Cc4ccccc4C3)n12
END127,0.4310422541,INACTIVE,TEST,OCC(COc1cncc2nnc(OC3CCNCC3)n12)c1ccc(F)c(F)c1
END117,0.7297588004,INACTIVE,TEST,O=C(C=NO)NCCCNc1ccnc(C(F)(F)F)c1
END251,1.2350572324,INACTIVE,TEST,CNC(COC)COc1cncc2nnc(-c3ccc(C#N)cc3)n12
END218,0.8725784395,INACTIVE,TEST,CC(=O)NCCN=C(S)NNc1ccnc(C(F)(F)F)c1
END281,1.5668481325,INACTIVE,TEST,O=C1CSC(=NN=Cc2nnc3cncc(CN4Cc5ccccc5C4)n23)N1
END214,2.3382941159,INACTIVE,TEST,NCCNC(=O)c1cncc2nnc(-c3ccc(OC(F)F)cc3)n12
END320,2.0987223882,INACTIVE,TEST,CCn1c(Cc2nnc3cncc(CN4Cc5ccccc5C4)n23)n[nH]c1=O
END289,1.192538051,INACTIVE,TEST,CC(=NNS(C)(=O)=O)Nc1ccnc(C(F)(F)F)c1
END168,1.1390613614,INACTIVE,TEST,NC1COC(Oc2cncc3nnc(-c4ccc(OC(F)F)cc4)n23)OC1
END150,3.8457508393,INACTIVE,TEST,CN(C)C(CO)Oc1cncc2nnc(-c3ccc(C#N)cc3)n12
END12,0.8575136158,INACTIVE,TEST,CC(OP(O)(O)=S)C(N)c1ccc(F)c(F)c1
END278,1.7520090218,INACTIVE,TEST,CNCC(O)COOc1cncc2nnc(-c3ccc(OC(F)F)cc3)n12
END94,1.4193061362,INACTIVE,TEST,OCC1=CC(Oc2cncc3nnc(-c4ccc(OC(F)F)cc4)n23)C(F)C(CO)C1O
END130,2.5879494603,INACTIVE,TEST,OCC(CO)Oc1cncc2nnc(-c3ccc(OC(F)F)cc3)n12
END58,2.9934961622,INACTIVE,TEST,C[n+]1ccn(-c2cncc3nnc(-c4ccc(C#N)cc4)n23)c1C=NO
END37,2.0083024432,INACTIVE,TEST,CN1CCN(CCOc2cncc3nnc(-c4ccc(C#N)cc4)n23)CC1
END190,1.9125341887,INACTIVE,TEST,N#Cc1ccc(-c2nnc3cncc(OC(F)CNO)n23)cc1
END264,1.0868556152,INACTIVE,TEST,CN(C)CCOc1cncc2nnc(-c3ccc(C#N)cc3)n12
END35,1.4229431299,INACTIVE,TEST,C[N+](C)(CCCC(=O)[O-])c1cncc2nnc(-c3ccc(OC(F)F)cc3)n12
END122,3.0289497536,INACTIVE,TEST,CNCCC(=O)Oc1cncc2nnc(-c3ccc(C#N)cc3)n12
END59,2.7669312127,INACTIVE,TEST,CCC(Oc1cncc2nnc(-c3ccc(C#N)cc3)n12)C(O)C(=O)O
END299,1.8792205653,INACTIVE,TEST,COCC1OC(CF)(Oc2cncc3nnc(-c4ccc(C#N)cc4)n23)C(F)C1O
END282,0.9410190331,INACTIVE,TEST,CN(C)C1C(O)OC(CSCCOc2cncc3nnc(-c4ccc(C#N)cc4)n23)C1F
END154,5.9485201424,INACTIVE,TEST,CN(C)C(=O)C1(c2cncc3nnc(-c4ccc(C#N)cc4)n23)CC1CN
END136,0.2966169216,INACTIVE,TEST,CN1CCCC(OCC(C)(O)c2ccc(F)c(F)c2)C1
END252,1.0819869104,INACTIVE,TEST,Nc1cc(-c2cncc3nnc(-c4ccc(OC(F)F)cc4)n23)c(=O)[nH]n1
END0,1.0049978036,INACTIVE,TEST,OCC1[Se]C(COc2cncc3nnc(-c4ccc(OC(F)F)cc4)n23)C(F)C1O
END232,0.0729910627,INACTIVE,TEST,C[S+]([O-])Oc1ccc(-c2nnc3cncc(OCC(CO)c4ccc(F)c(F)c4)n23)cc1
END314,1.6385751461,INACTIVE,TEST,OCC1OC(COc2cncc3nnc(-c4ccc(OC(F)F)cc4)n23)C(F)C(F)C1O
END269,1.8698314284,INACTIVE,TEST,N#Cc1ccc(-c2nnc3cncc(OC4C(CF)SC(O)C(F)C4O)n23)cc1
END23,0.8557669615,INACTIVE,TEST,N#Cc1ccc(-c2nnc3cncc(OCC(C(=O)[O-])c4ccc(F)c(F)c4)n23)cc1
END181,1.184623692,INACTIVE,TEST,CC1CN(NC(=O)c2cncc3nnc(-c4ccc(OC(F)F)cc4)n23)CC(C)N1
END206,1.0150135256,INACTIVE,TEST,CNC(=O)c1ccc(F)cc1I
END304,0.3572593811,INACTIVE,TEST,OCC(COc1cncc2nnc(CNCCSF)n12)c1ccc(F)c(F)c1
END115,3.643899684,INACTIVE,TEST,CN(C)C(CO)c1cncc2nnc(-c3ccc(C#N)cc3)n12
END180,0.4903251457,INACTIVE,TEST,CCCNC(N)=NCCCC(CO)c1ccc(F)c(F)c1
END54,0.7987943738,INACTIVE,TEST,CN(C)OCCCOc1cncc2nnc(-c3ccc(C#N)cc3)n12
END323,2.7465240558,INACTIVE,TEST,CCC(NCOc1cncc2nnc(-c3ccc(C#N)cc3)n12)C(=O)NCF
END231,1.6052080495,INACTIVE,TEST,CNC(C)COc1cncc2nnc(-c3ccc(C#N)cc3)n12
END26,1.3529179741,INACTIVE,TEST,N#Cc1ccc(-c2nnc3cncc(OCC(N)CCF)n23)cc1
END202,0.4729666256,INACTIVE,TEST,CC(C)(C)N(CCO)CCc1nnc2cncc(OCC(CO)c3ccc(F)c(F)c3)n12
END128,2.5911708379,INACTIVE,TEST,N#Cc1ccc(-c2nnc3cncc(NC(F)C(=O)O)n23)cc1
END184,1.6403071758,INACTIVE,TEST,CC(C)NC(=O)NOc1cncc2nnc(-c3ccc(C#N)cc3)n12
END303,1.8992218086,INACTIVE,TEST,OCn1cc(-c2cncc3nnc(-c4ccc(OC(F)F)cc4)n23)nn1
END288,1.828219373,INACTIVE,TEST,CN(C)C=CC(=O)Oc1cncc2nnc(-c3ccc(C#N)cc3)n12
END14,2.6180346844,INACTIVE,TEST,N#Cc1ccc(-c2nnc3cncc(C(=O)CC[N+](=O)[O-])n23)cc1
END207,1.4840979008,INACTIVE,TEST,CN(C)C(c1ccc(F)c(F)c1)c1ncn2c(O)nncc12
END69,0.4085677751,INACTIVE,TEST,OCC(COc1cncc2nnc(-c3ccc(OC(F)F)cc3)n12)c1cncnc1
END46,1.5352007323,INACTIVE,TEST,c1ccc2c(c1)CN(Cc1cncc3nnc(OC4CCNCC4)n13)C2
END11,0.2927966381,INACTIVE,TEST,OCC(COc1cncc2nnc(-c3c(F)noc3F)n12)c1ccc(F)c(F)c1
END219,1.4983291172,INACTIVE,TEST,N#Cc1ccc(-c2nnc3cncc(OOCC(F)=CCN)n23)cc1
END189,1.5501552979,INACTIVE,TEST,CCNC(=O)Oc1cncc2nnc(-c3ccc(C#N)cc3)n12
END317,2.3401549002,INACTIVE,TEST,O=C(CNC(=O)c1cncc2nnc(-c3ccc(OC(F)F)cc3)n12)OCF
END156,2.9180271013,INACTIVE,TEST,CN(C)C(CCNCC#CCN)c1ccc(F)c(F)c1
END309,2.1058880332,INACTIVE,TEST,N#Cc1ccc(-c2nnc3cncc(OCC4CCNC4)n23)cc1
END201,2.0405812641,INACTIVE,TEST,N#Cc1ccc(-c2nnc3cncc(Cc4nnc(N)s4)n23)cc1
END29,1.265880915,INACTIVE,TEST,CCN1CC(COc2cncc3nnc(-c4ccc(C#N)cc4)n23)CC1=O
END2,0.2803404577,INACTIVE,TEST,CC(F)OC(=S)c1nnc2cncc(OCC(CO)c3ccc(F)c(F)c3)n12
END88,2.0959639281,INACTIVE,TEST,CN(C)CSCCC(=O)NOc1cncc2nnc(-c3ccc(C#N)cc3)n12
END261,1.0075703643,INACTIVE,TEST,O=S(=O)(O)CCCOc1cncc2nnc(-c3ccc(OC(F)F)cc3)n12
END141,1.433790084,INACTIVE,TEST,N#Cc1ccc(-c2nnc3cncc(OCSc4nc[nH]n4)n23)cc1
END280,1.4092383301,INACTIVE,TEST,O=C(CCSCCO)NOc1cncc2nnc(-c3ccc(OC(F)F)cc3)n12
END87,1.790347306,INACTIVE,TEST,N#Cc1ccc(-c2nnc3cncc(Oc4ccccc4C(=O)[O-])n23)cc1
END285,0.4576237998,INACTIVE,TEST,OCC(COc1cncc2nnc(C(F)N3CC(n4cc(F)cn4)C3)n12)c1ccc(F)c(F)c1
END277,5.3535662191,INACTIVE,TEST,N#Cc1ccc(-c2nnc3cncc(C(=O)NCCF)n23)cc1
END151,0.9908303159,INACTIVE,TEST,C#CCN(C)C(=O)c1cncc2nnc(-c3ccc(OC(F)F)cc3)n12
END183,1.4276562716,INACTIVE,TEST,CCC(C(=O)COc1cncc2nnc(-c3ccc(C#N)cc3)n12)N(C)C
END111,4.4551815021,INACTIVE,TEST,OCC(CO)c1cncc2nnc(-c3ccc(OC(F)F)cc3)n12
END185,2.5508892924,INACTIVE,TEST,CC(=O)C(COc1cncc2nnc(-c3ccc(C#N)cc3)n12)CC(=O)O
END194,1.7984259393,INACTIVE,TEST,CC(=O)C1=C(C)NC(=O)NC1c1cncc2nnc(-c3ccc(C#N)cc3)n12
END307,0.3368522213,INACTIVE,TEST,OCC(COc1cncc2nnc(-c3cccnc3)n12)c1ccc(F)c(F)c1
END43,3.2478183596,INACTIVE,TEST,CC(CCCNCc1cncc2nnc(-c3ccc(OC(F)F)cc3)n12)C(=O)[O-]
END316,0.7263390387,INACTIVE,TEST,O=P(O)(O)C(Cc1nnc2cncc(OCC(CO)c3ccc(F)c(F)c3)n12)CC(F)F
END300,6.9807839512,INACTIVE,TEST,CC1=NNC(=O)C1Cc1cncc2nnc(-c3ccc(C#N)cc3)n12
END53,1.4638016687,INACTIVE,TEST,CN(C)C=C1C=C(c2cncc3nnc(-c4ccc(C#N)cc4)n23)OC1=O
END24,0.8777610746,INACTIVE,TEST,CCCN(CCO)C(=O)c1cncc2nnc(-c3ccc(OC(F)F)cc3)n12
END297,1.0688713204,INACTIVE,TEST,CC(CCOc1cncc2nnc(-c3ccc(C#N)cc3)n12)C(=O)O
END49,3.7812413125,INACTIVE,TEST,CC(C)(C)S(=O)(=O)CCNC(=O)c1cncc2nnc(-c3ccc(C#N)cc3)n12
END119,1.6812895638,INACTIVE,TEST,CC(Nc1ccnc(C(F)(F)F)c1)OP(=O)(O)O
END7,1.0727493239,INACTIVE,TEST,OCC1C(O)OC(CSCCOc2cncc3nnc(-c4ccc(OC(F)F)cc4)n23)C1F
END20,1.0867950561,INACTIVE,TEST,CC(=O)C(Cl)C(=O)N(C)C(c1ccc(F)c(F)c1)N(C)C
END236,1.1088265187,INACTIVE,TEST,O=C(Cc1ccc(F)c(F)c1)NC1CCCCC1CO
END253,3.9093945339,INACTIVE,TEST,CC(N)C(O)Cc1cncc2nnc(-c3ccc(OC(F)F)cc3)n12
END170,4.7034923511,INACTIVE,TEST,CNC(=O)CC(C)Oc1cncc2nnc(-c3ccc(C#N)cc3)n12
END187,2.0049967916,INACTIVE,TEST,OCCOCCc1cncc2nnc(-c3ccc(OC(F)F)cc3)n12
END95,1.0298550542,INACTIVE,TEST,Cc1ncsc1C(=O)NCCOc1cncc2nnc(-c3ccc(C#N)cc3)n12
END286,1.8925170294,INACTIVE,TEST,O=C(C(=O)N1CC=CC1)c1cncc2nnc(-c3ccc(OC(F)F)cc3)n12
END81,4.4587109679,INACTIVE,TEST,CC(N)=[N+]([O-])c1nnc2cncc(OCC(c3ccc(F)c(F)c3)N(C)C)n12
END82,0.2577319959,INACTIVE,TEST,CC(F)(C#CCN1CCCC1)c1nnc2cncc(OCC(CO)c3ccc(F)c(F)c3)n12
END179,1.615273164,INACTIVE,TEST,ONCC(F)Oc1cncc2nnc(-c3ccc(OC(F)F)cc3)n12
END10,1.6732456033,INACTIVE,TEST,CN(C)C(COc1cncc2nnc(-c3ccc(C#N)cc3)n12)C(F)CCN1CCOCC1
END80,1.5277969546,INACTIVE,TEST,CN1CCN(C(C#N)Cc2cncc3nnc(-c4ccc(OC(F)F)cc4)n23)CC1
END238,1.7535389776,INACTIVE,TEST,N#Cc1ccc(-c2nnc3cncc(OCC(F)(Cl)C(=O)O)n23)cc1
END158,2.1924689023,INACTIVE,TEST,[O-][n+]1ccc2nc1CN(Cc1cncc3nnc(-c4ccc(OC(F)F)cc4)n13)C2
END326,1.1169629069,INACTIVE,TEST,CC(F)CN1CC(COc2cncc3nnc(-c4ccc(C#N)cc4)n23)CC1=O
END246,1.2214912764,INACTIVE,TEST,CNC1=CC(=S)NC(C)(COc2cncc3nnc(-c4ccc(C#N)cc4)n23)C1
END13,1.2097498613,INACTIVE,TEST,CN(C)C1(CCc2ccc(F)c(F)c2)SCCN1C(N)=O
END47,4.0415105777,INACTIVE,TEST,CC(C)NC(C)C(O)Oc1cncc2nnc(-c3ccc(C#N)cc3)n12
END229,1.4872929208,INACTIVE,TEST,COCC1OC(CF)(Oc2cncc3nnc(-c4ccc(OC(F)F)cc4)n23)C(F)C1O
END9,2.6624472866,INACTIVE,TEST,CN(C)C(COc1cncc2nnc(-c3ccc(C#N)cc3)n12)C(=O)SCC[N+](C)(C)C
END139,1.2255557034,INACTIVE,TEST,CC(C)(C)N(CCO)CCc1nnc2cncc(CN3Cc4ccccc4C3)n12
END40,6.928045681,INACTIVE,TEST,CNN(COc1cncc2nnc(-c3ccc(C#N)cc3)n12)C(=O)F
END172,1.0658252701,INACTIVE,TEST,OCC1CCCN1Cc1cncc2nnc(-c3ccc(OC(F)F)cc3)n12
END118,3.2914139282,INACTIVE,TEST,COC1OCC(Sc2cncc3nnc(-c4ccc(C#N)cc4)n23)CC1O
END279,1.713891022,INACTIVE,TEST,C=CCOC(=O)CCOc1cncc2nnc(-c3ccc(C#N)cc3)n12
END93,1.4223830463,INACTIVE,TEST,OC1SC(CF)C(Oc2cncc3nnc(-c4ccc(OC(F)F)cc4)n23)C(O)C1F
END66,5.090674251,INACTIVE,TEST,Cc1cn(CCN)c(COc2cncc3nnc(-c4ccc(C#N)cc4)n23)n1
END266,2.3262640834,INACTIVE,TEST,CN(C)C(C(=O)Oc1cncc2nnc(-c3ccc(C#N)cc3)n12)C(F)(F)F
END306,0.8800518611,INACTIVE,TEST,Cn1c(SCOc2cncc3nnc(-c4ccc(C#N)cc4)n23)nc(CF)c1CO
END60,1.2182780374,INACTIVE,TEST,FSCCNCc1nnc2cncc(CN3Cc4ccccc4C3)n12
END131,1.8034662352,INACTIVE,TEST,O=C(O)C(F)Nc1cncc2nnc(-c3ccc(OC(F)F)cc3)n12
END27,1.3329364952,INACTIVE,TEST,CCC(COc1cncc2nnc(-c3ccc(C#N)cc3)n12)C(N)F
END200,5.5671755147,INACTIVE,TEST,N#Cc1ccc(-c2nnc3cncc(SCCN)n23)cc1
END92,2.0077655894,INACTIVE,TEST,CCc1[nH]n(C)c(=N)c1Oc1cncc2nnc(-c3ccc(C#N)cc3)n12
END205,1.5270120015,INACTIVE,TEST,CNC(COc1cncc2nnc(-c3ccc(C#N)cc3)n12)C(C)C
END249,1.1332514437,INACTIVE,TEST,COC(=O)C=C(Br)C(=O)ONc1ccnc(C(F)(F)F)c1
END191,3.6249963632,INACTIVE,TEST,O=C(Nc1ccnc(C(F)(F)F)c1)c1cncc2nnc(OC3CCNCC3)n12
END124,0.8404106782,INACTIVE,TEST,N#Cc1ccc(-c2nnc3cncc(OCCC[n+]4ccc(F)cc4)n23)cc1
END174,0.5906441625,INACTIVE,TEST,CN(Cc1ccc(OC(F)F)cc1)C(=O)CS(=O)(=O)CC(CO)c1ccc(F)c(F)c1
END31,0.9796613531,INACTIVE,TEST,FC(F)Oc1ccc(-c2nnc3cncc(-c4ccnc5ncnn45)n23)cc1
END166,3.8982171634,INACTIVE,TEST,CC(=O)C(Cl)C(=O)OCc1cncc2nnc(-c3ccc(C#N)cc3)n12
END325,12.8854560062,INACTIVE,TEST,N#Cc1ccc(-c2nnc3cncc(NC4CCOC4=O)n23)cc1
END225,0.7701746399,INACTIVE,TEST,N#Cc1ccc(-c2nnc3cncc(OCCNc4nc(F)c(C#N)s4)n23)cc1
END101,1.8568527274,INACTIVE,TEST,CC(C)CC(=O)NS(=O)(=O)c1cncc2nnc(-c3ccc(OC(F)F)cc3)n12
END56,1.5844792112,INACTIVE,TEST,CN(C)C(COc1cncc2nnc(-c3ccc(C#N)cc3)n12)C(=O)OC(C)(C)C
END171,1.1300141111,INACTIVE,TEST,O=C(O)CCC1(F)CC1(CO)Oc1cncc2nnc(-c3ccc(OC(F)F)cc3)n12
END77,0.8456427331,INACTIVE,TEST,OCC(CNCCc1ccccn1)COc1cncc2nnc(-c3ccc(OC(F)F)cc3)n12
END193,4.0689052759,INACTIVE,TEST,CN1C2CCC1(COc1cncc3nnc(-c4ccc(C#N)cc4)n13)C(F)C(F)C2O
END19,0.7688250258,INACTIVE,TEST,OCNC(Cc1ccccc1)Cc1ccc(F)c(F)c1
END51,2.398498421,INACTIVE,TEST,CN(C)C(CCCOCC1CO1)COc1cncc2nnc(-c3ccc(C#N)cc3)n12
END240,1.2151925754,INACTIVE,TEST,COCC(C)(C)Oc1cncc2nnc(-c3ccc(C#N)cc3)n12
END104,0.6090045097,INACTIVE,TEST,Cn1nc2c(c1C(CO)COc1cncc3nnc(-c4ccc(OC(F)F)cc4)n13)CCC2
END198,1.1779432892,INACTIVE,TEST,Cc1nsc(-c2cncc3nnc(-c4ccc(C#N)cc4)n23)n1
END142,1.1749782634,INACTIVE,TEST,CN(C)C1CCCCC1NC(=O)Cc1ccc(F)c(F)c1
END52,1.263738703,INACTIVE,TEST,CC(=NNCOc1cncc2nnc(-c3ccc(C#N)cc3)n12)c1nccs1
END224,0.8151480516,INACTIVE,TEST,CCCNC(N)=NCCCC(c1ccc(F)c(F)c1)N(C)C
END237,0.631790333,INACTIVE,TEST,C[S+]([O-])c1cc(NC(=O)c2cncc3nnc(-c4ccc(OC(F)F)cc4)n23)ccn1
END86,1.1748434783,INACTIVE,TEST,CC=C(NC(=O)C=Cc1cncc2nnc(-c3ccc(OC(F)F)cc3)n12)C(=O)O
END213,2.8377685542,INACTIVE,TEST,OCCCOCOc1cncc2nnc(-c3ccc(OC(F)F)cc3)n12
END210,1.7247852558,INACTIVE,TEST,C[N+](C)(C)CCSC(=O)C(CO)COc1cncc2nnc(-c3ccc(OC(F)F)cc3)n12
END226,0.9938630602,INACTIVE,TEST,CN(C)C(O)(COc1cncc2nnc(-c3ccc(C#N)cc3)n12)c1ccc(F)cc1
END271,1.7638688632,INACTIVE,TEST,CCN(CC)COc1cncc2nnc(-c3ccc(C#N)cc3)n12
END292,2.4494733357,INACTIVE,TEST,CN(C)C(CNCCc1ccccn1)COc1cncc2nnc(-c3ccc(C#N)cc3)n12
END273,1.9232581877,INACTIVE,TEST,CN(C)n1ccc2c(F)c(-c3cncc4nnc(-c5ccc(C#N)cc5)n34)[nH]c2c1=O
END318,2.0362364385,INACTIVE,TEST,O=c1cc(NNc2ccnc(C(F)(F)F)c2)[nH]c(=S)[nH]1
END161,1.0513766494,INACTIVE,TEST,OCC(CCCOCC1CO1)COc1cncc2nnc(-c3ccc(OC(F)F)cc3)n12
END164,1.6388574583,INACTIVE,TEST,Nc1nc(SCc2cncc3nnc(-c4ccc(OC(F)F)cc4)n23)n[nH]1
END68,4.7269595431,INACTIVE,TEST,CNC(COc1cncc2nnc(-c3ccc(C#N)cc3)n12)c1ncc(F)cn1
END44,0.6739057622,INACTIVE,TEST,OCC(O)(COc1cncc2nnc(-c3ccc(OC(F)F)cc3)n12)c1ccc(F)cc1
END16,1.2591803586,INACTIVE,TEST,C#CCOCC(C(=O)NCC(=O)c1cncc2nnc(-c3ccc(OC(F)F)cc3)n12)C(F)(F)F
END178,3.6118744169,INACTIVE,TEST,CCC(Cl)C(=O)NC(COc1cncc2nnc(-c3ccc(C#N)cc3)n12)N(C)C
END247,1.0309402859,INACTIVE,TEST,OCc1cc(CCCOc2cncc3nnc(-c4ccc(OC(F)F)cc4)n23)n[nH]1
END163,3.4894724681,INACTIVE,TEST,O=C(NCCF)c1cncc2nnc(-c3ccc(OC(F)F)cc3)n12
END6,1.2660593541,INACTIVE,TEST,CN(C)C(COc1cncc2nnc(-c3ccc(C#N)cc3)n12)CC1CCCO1
END235,1.1859911973,INACTIVE,TEST,Nc1nnc(CCCNc2ccnc(C(F)(F)F)c2)s1
END107,5.287591543,INACTIVE,TEST,CN1CCC(O)CC1CNCc1cncc2nnc(-c3ccc(OC(F)F)cc3)n12
END256,5.033104992,INACTIVE,TEST,CCn1ccnc1C(O)c1cncc2nnc(-c3ccc(C#N)cc3)n12
END55,0.9582533641,INACTIVE,TEST,CCCC(COc1cncc2nnc(-c3ccc(C#N)cc3)n12)NF
END114,1.4614417528,INACTIVE,TEST,CN(C)C(COc1nccs1)COc1cncc2nnc(-c3ccc(C#N)cc3)n12
END152,2.5590483517,INACTIVE,TEST,CN(C)C1(Oc2cncc3nnc(-c4ccc(C#N)cc4)n23)CC1(F)CCC(=O)O
END195,3.6517122038,INACTIVE,TEST,CC#CCN(C)c1cncc2nnc(-c3ccc(C#N)cc3)n12
END227,1.2985556632,INACTIVE,TEST,N#Cc1ccc(-c2nnc3cncc(C(=O)NNC(=S)Nc4ccc(F)c(F)c4)n23)cc1
END105,0.7113269428,INACTIVE,TEST,CCCCOc1cncc2nnc(-c3ccc(C#N)cc3)n12
END211,1.7130754643,INACTIVE,TEST,CN(C)c1cc(CCCOc2cncc3nnc(-c4ccc(C#N)cc4)n23)n[nH]1
END159,0.8520271075,INACTIVE,TEST,CC1CN(C)CC1(Oc1cncc2nnc(-c3ccc(C#N)cc3)n12)C1CC1
END145,1.1388405468,INACTIVE,TEST,O=C(Cc1cncc2nnc(-c3ccc(OC(F)F)cc3)n12)NCc1ccncc1
END222,1.2898378439,INACTIVE,TEST,CCC(Cl)C(=O)Nc1nnc2cncc(CN3Cc4ccccc4C3)n12
END203,3.7930993192,INACTIVE,TEST,N#Cc1ccc(-c2nnc3cncc(OC(=O)NC(=S)N4CCCC4)n23)cc1
END113,1.1653557297,INACTIVE,TEST,CN(C)Cc1cc(I)c(O)c(I)c1
END275,1.8280724691,INACTIVE,TEST,O=C(Oc1cncc2nnc(-c3ccc(OC(F)F)cc3)n12)C(CO)C(F)(F)F
END228,1.7779805232,INACTIVE,TEST,CC(C)(CCP(=O)(O)O)c1nnc2cncc(CN3Cc4ccccc4C3)n12
END192,1.4955136024,INACTIVE,TEST,CN(C)c1cn2c(n1)CCC(COc1cncc3nnc(-c4ccc(C#N)cc4)n13)C2
END283,1.499206934,INACTIVE,TEST,CN(C)C(COc1cncc2nnc(-c3ccc(C#N)cc3)n12)c1c2c(nn1C)CCC2
END116,2.8713204409,INACTIVE,TEST,CN(COc1cncc2nnc(-c3ccc(C#N)cc3)n12)C1CC1CF
END209,0.9391434159,INACTIVE,TEST,N#Cc1ccc(-c2nnc3cncc(OC4C(=O)N(O)CC4Cc4ccc(F)c(F)c4)n23)cc1
END270,2.0557991478,INACTIVE,TEST,OCC(COc1cncc2nnc(-c3ccc(OC(F)F)cc3)n12)C(F)CCN1CCOCC1
END3,1.7206133064,INACTIVE,TEST,CN(C)C1CCN(Cc2cncc3nnc(-c4ccc(OC(F)F)cc4)n23)C1
END100,1.8524923888,INACTIVE,TEST,O=C(Nc1ccnc(C(F)(F)F)c1)c1cncc2nnc(CNCCSF)n12
END321,2.9659656774,INACTIVE,TEST,CC1CC(Nc2cncc3nnc(-c4ccc(C#N)cc4)n23)=CC(=O)O1
END197,0.6026705375,INACTIVE,TEST,N#Cc1ccc(-c2nnc3cncc(OCCc4ccccc4O)n23)cc1
END173,2.2345026662,INACTIVE,TEST,O=c1[nH]c(F)c(F)c(=O)n1-c1ccc(-c2nnc3cncc(CN4Cc5ccccc5C4)n23)cc1
END216,1.8795284097,INACTIVE,TEST,Fc1cnn(C2CN(C(F)c3nnc4cncc(CN5Cc6ccccc6C5)n34)C2)c1
END294,1.8507742364,INACTIVE,TEST,CN(Cc1ccc(C#N)cc1)C(=O)CS(=O)(=O)CC(c1ccc(F)c(F)c1)N(C)C
END34,1.2713986279,INACTIVE,TEST,O=C(ONc1ccnc(C(F)(F)F)c1)c1ccncc1
END234,2.6277465199,INACTIVE,TEST,C=CCC(CC)(C(N)=O)c1cncc2nnc(-c3ccc(C#N)cc3)n12
END204,0.7100516288,INACTIVE,TEST,CC(F)C([NH3+])CCc1cc(NC(=O)c2cncc3nnc(-c4ccc(OC(F)F)cc4)n23)ccn1
END148,0.7965454366,INACTIVE,TEST,NCCc1cc(C(CO)COc2cncc3nnc(-c4ccc(OC(F)F)cc4)n23)c(O)cc1F
END243,0.6405291878,INACTIVE,TEST,OCc1ccccc1C(O)COc1cncc2nnc(-c3ccc(OC(F)F)cc3)n12
END293,1.9380217271,INACTIVE,TEST,COCC(C)NCc1cncc2nnc(-c3ccc(OC(F)F)cc3)n12
END315,1.1760134818,INACTIVE,TEST,CN(C)C=C1C=C(c2cncc3nnc(-c4ccc(OC(F)F)cc4)n23)OC1=O
END18,0.8394678257,INACTIVE,TEST,FC(F)(F)c1cc(NNC2=NCC(CBr)S2)ccn1
END199,1.6227918581,INACTIVE,TEST,COc1ncccc1CC(COc1cncc2nnc(-c3ccc(C#N)cc3)n12)N(C)C
END76,3.09159742,INACTIVE,TEST,CC(Oc1cncc2nnc(-c3ccc(C#N)cc3)n12)C(=O)NCc1ccco1
END241,1.2807327115,INACTIVE,TEST,O=C(OCCOc1cncc2nnc(-c3ccc(OC(F)F)cc3)n12)C1CC1
END176,0.8117080484,INACTIVE,TEST,N#Cc1ccc(-c2nnc3cncc(OCCc4cccc(F)c(=O)c4F)n23)cc1
END242,2.477751347,INACTIVE,TEST,CN(C)C(CCCCc1cncc2nnc(-c3ccc(C#N)cc3)n12)P(=O)(O)O
END137,0.780248602,INACTIVE,TEST,CC(O)(COc1cncc2nnc(-c3ccc(C#N)cc3)n12)c1ccccc1
END290,1.1627625099,INACTIVE,TEST,CNCC1COC(c2ccc(F)c(F)c2)(c2cncc3nnc(-c4ccc(C#N)cc4)n23)O1
END38,1.8520941569,INACTIVE,TEST,N#Cc1ccc(-c2nnc3cncc(OCSc4ncccn4)n23)cc1
END70,0.9319119647,INACTIVE,TEST,N#Cc1ccc(-c2nnc3cncc(OCC(N)c4ccccc4F)n23)cc1
END223,0.8772274578,INACTIVE,TEST,N#Cc1ccc(-c2nnc3cncc(OCC(O)c4ccc(F)cc4)n23)cc1
END21,3.006174393,INACTIVE,TEST,OCC(COc1cncc2nnc(CCCn3cccn3)n12)c1ccc(F)c(F)c1
END63,1.1851121117,INACTIVE,TEST,O=c1c2[nH]c(-c3cncc4nnc(-c5ccc(OC(F)F)cc5)n34)c(F)c2ccn1CO
END1,1.8240792273,INACTIVE,TEST,N#Cc1ccc(-c2nnc3cncc(Oc4csnc4C(=O)O)n23)cc1
END276,3.1522039666,INACTIVE,TEST,O=P(O)(O)C(Cc1nnc2cncc(CN3Cc4ccccc4C3)n12)CC(F)F
END322,1.0084362023,INACTIVE,TEST,C[S+](=N)([O-])CC(O)(COc1cncc2nnc(-c3ccc(C#N)cc3)n12)c1ccc(F)c(F)c1
END188,1.821684745,INACTIVE,TEST,N#Cc1ccc(-c2nnc3cncc(-c4cn5c(n4)SCC5)n23)cc1
END89,2.7419174961,INACTIVE,TEST,CCN(CC)CCNC(=O)c1cncc2nnc(-c3ccc(OC(F)F)cc3)n12
END30,1.1508324829,INACTIVE,TEST,CN(C)c1ccccc1C(O)COc1cncc2nnc(-c3ccc(C#N)cc3)n12
END312,1.1616538566,INACTIVE,TEST,NC(CCF)CCOc1cncc2nnc(-c3ccc(OC(F)F)cc3)n12
END97,1.1104071651,INACTIVE,TEST,CSC=COc1cncc2nnc(-c3ccc(C#N)cc3)n12
END324,1.0975980606,INACTIVE,TEST,N#Cc1ccc(-c2nnc3cncc(OC4(N)CC4c4ccccc4)n23)cc1
END17,1.7361660351,INACTIVE,TEST,CN(C)C(COc1cncc2nnc(-c3ccc(C#N)cc3)n12)c1cc(CCN)c(F)cc1O
END33,1.3032703222,INACTIVE,TEST,CNCCC(O)(COc1cncc2nnc(-c3ccc(C#N)cc3)n12)c1ccc(F)c(F)c1
END99,1.9451036746,INACTIVE,TEST,CC(F)OC(=S)c1nnc2cncc(CN3Cc4ccccc4C3)n12
END50,1.4405336106,INACTIVE,TEST,CNN(COc1cncc2nnc(-c3ccc(C#N)cc3)n12)c1ccc(F)cc1
END212,0.9449723239,INACTIVE,TEST,OCc1ncsc1CCOc1cncc2nnc(-c3ccc(OC(F)F)cc3)n12
END65,2.0040821801,INACTIVE,TEST,Nc1cc(-c2ccc(-c3nnc4cncc(CN5Cc6ccccc6C5)n34)cc2)c(=O)[nH]n1
END239,1.5920487478,INACTIVE,TEST,CN(C)OCCP(=O)(F)COc1cncc2nnc(-c3ccc(C#N)cc3)n12
END109,2.1312646975,INACTIVE,TEST,Cc1c(F)nc(F)nc1COc1cncc2nnc(-c3ccc(C#N)cc3)n12
END149,1.0114535329,INACTIVE,TEST,OCC(COc1cncc2nnc(-c3ccc(OC(F)F)cc3)n12)CC1CCCO1
END157,2.2321898571,INACTIVE,TEST,COC1OCC(Sc2cncc3nnc(-c4ccc(OC(F)F)cc4)n23)CC1O
END221,1.2925284382,INACTIVE,TEST,N#Cc1ccc(-c2nnc3cncc(OCC[S+]([O-])c4ccccc4)n23)cc1
END138,1.0518227265,INACTIVE,TEST,N#Cc1ccc(-c2nnc3cncc(ONc4nnc(C(F)(F)F)s4)n23)cc1
END175,1.0706263482,INACTIVE,TEST,COc1ccc(F)c(CNCOc2cncc3nnc(-c4ccc(C#N)cc4)n23)c1
END84,1.5468149394,INACTIVE,TEST,CNc1cc(C(C)(C)COc2cncc3nnc(-c4ccc(C#N)cc4)n23)nn1C
END268,2.3373055747,INACTIVE,TEST,O=S(=O)(CCCOC(F)F)CCCc1nnc2cncc(CN3Cc4ccccc4C3)n12
END182,2.1265461204,INACTIVE,TEST,NCCCCc1cncc2nnc(-c3ccc(OC(F)F)cc3)n12
END208,1.1967212574,INACTIVE,TEST,CSC1SC(C)C(Oc2cncc3nnc(-c4ccc(C#N)cc4)n23)C(F)C1O
END301,1.4672633299,INACTIVE,TEST,C=CCC(O)(CCO)CCOc1cncc2nnc(-c3ccc(OC(F)F)cc3)n12
END45,2.8075103909,INACTIVE,TEST,Fc1noc(F)c1-c1nnc2cncc(CN3Cc4ccccc4C3)n12
END311,1.9747359857,INACTIVE,TEST,N#Cc1ccc(-c2nnc3cncc(OC(CN)c4ccccc4)n23)cc1
END140,3.7333497046,INACTIVE,TEST,c1ccc2c(c1)CN(Cc1cncc3nnc(CCCn4cccn4)n13)C2
END123,4.1328980027,INACTIVE,TEST,CC(C)(C)N(CCO)CCc1nnc2cncc(C(=O)Nc3ccnc(C(F)(F)F)c3)n12
END143,8.084464263,INACTIVE,TEST,CN(C)C(COc1cncc2nnc(-c3ccc(C#N)cc3)n12)c1cncnc1
END267,1.2180171878,INACTIVE,TEST,O=C(C#CCCCCOc1cncc2nnc(-c3ccc(OC(F)F)cc3)n12)OO
END259,2.1084708724,INACTIVE,TEST,O=C(Nc1ccnc(C(F)(F)F)c1)c1cncc2nnc(-c3c(F)noc3F)n12
END255,2.1217466976,INACTIVE,TEST,OCC1CCc2nc(COc3cncc4nnc(-c5ccc(OC(F)F)cc5)n34)cn2C1
END146,1.7983752173,INACTIVE,TEST,CNCc1ccc(OCOc2cncc3nnc(-c4ccc(C#N)cc4)n23)cc1
END75,4.0876789539,INACTIVE,TEST,NCCSc1cncc2nnc(-c3ccc(OC(F)F)cc3)n12
END305,2.7434163874,INACTIVE,TEST,CC(=O)C(Cl)C(=O)OCc1cncc2nnc(-c3ccc(OC(F)F)cc3)n12
END112,1.2834550419,INACTIVE,TEST,N#Cc1ccc(-c2nnc3cncc(OCNCCc4ccc(F)cc4)n23)cc1
END147,1.6818501446,INACTIVE,TEST,CS(=O)(=O)c1cccnc1-c1cncc2nnc(-c3ccc(OC(F)F)cc3)n12
END245,2.7538055457,INACTIVE,TEST,O=P(O)(O)C(CO)CCCCc1cncc2nnc(-c3ccc(OC(F)F)cc3)n12
END39,1.4629729938,INACTIVE,TEST,CC(F)(C#CCN1CCCC1)c1nnc2cncc(CN3Cc4ccccc4C3)n12
END72,3.5868719417,INACTIVE,TEST,OCc1cc(CF)n(-c2cncc3nnc(-c4ccc(OC(F)F)cc4)n23)n1
END302,6.3050878303,INACTIVE,TEST,CCN(C)Cc1cnn(-c2cncc3nnc(-c4ccc(C#N)cc4)n23)c1
END272,1.5467029064,INACTIVE,TEST,CC(C)(COc1cncc2nnc(-c3ccc(C#N)cc3)n12)N=C=S
END144,1.6679457885,INACTIVE,TEST,CN(C)Oc1ccc(OOc2cncc3nnc(-c4ccc(C#N)cc4)n23)cc1
END248,2.6165915485,INACTIVE,TEST,CC(C)COc1cncc2nnc(-c3ccc(C#N)cc3)n12
END15,1.5353201501,INACTIVE,TEST,CC(N)c1csc(Oc2cncc3nnc(-c4ccc(C#N)cc4)n23)n1
END233,1.4380820229,INACTIVE,TEST,Cc1ncc(-c2cncc3nnc(-c4ccc(OC(F)F)cc4)n23)c(CO)c1O
END177,2.0895154678,INACTIVE,TEST,OCc1cccc(-c2nnc3cncc(CN4Cc5ccccc5C4)n23)c1
END36,2.8794907477,INACTIVE,TEST,CCCCNC(=O)CSc1cncc2nnc(-c3ccc(C#N)cc3)n12
END244,4.074913452,INACTIVE,TEST,CN(C)C(CCCS(=O)(=O)CCCF)COc1cncc2nnc(-c3ccc(C#N)cc3)n12
END153,2.1570763799,INACTIVE,TEST,Cn1c(SCC#N)nnc1-c1cncc2nnc(-c3ccc(OC(F)F)cc3)n12
END250,2.6417768481,INACTIVE,TEST,CC(C)(C)OC(=O)C(CO)COc1cncc2nnc(-c3ccc(OC(F)F)cc3)n12
END62,1.7176863,INACTIVE,TEST,CN(COc1cncc2nnc(-c3ccc(C#N)cc3)n12)C(=O)c1cccc(F)c1
END186,2.762843792,INACTIVE,TEST,N#Cc1ccc(-c2nnc3cncc(OC(N)Cc4ccccc4F)n23)cc1
END167,1.712827323,INACTIVE,TEST,CN(C)C(COc1cncc2nnc(-c3ccc(C#N)cc3)n12)CC1CCCCN(CF)C1=O
END162,1.9196373375,INACTIVE,TEST,CNC(=O)c1csc(-c2cncc3nnc(-c4ccc(OC(F)F)cc4)n23)n1
END132,2.5888414769,INACTIVE,TEST,CN(C)Cc1scnc1COc1cncc2nnc(-c3ccc(C#N)cc3)n12
END165,1.9531012335,INACTIVE,TEST,OCC(CN1CCC1c1cccnc1)c1ccc(F)c(F)c1
END42,1.7972786946,INACTIVE,TEST,CNC1c2ccccc2CC1Oc1cncc2nnc(-c3ccc(C#N)cc3)n12
END41,1.7405659551,INACTIVE,TEST,O=P(F)(CO)CCOCOc1cncc2nnc(-c3ccc(OC(F)F)cc3)n12
END98,1.9398725244,INACTIVE,TEST,Cn1nnnc1SCSCc1cncc2nnc(-c3ccc(OC(F)F)cc3)n12
END78,1.7861866512,INACTIVE,TEST,CC(C)OCCCNC(=O)c1cncc2nnc(-c3ccc(OC(F)F)cc3)n12
END71,1.812179245,INACTIVE,TEST,CC(F)C(N)C(=O)NC(F)Cc1ccc(-c2nnc3cncc(CN4Cc5ccccc5C4)n23)cc1
END258,1.6342033604,INACTIVE,TEST,C[S+](F)CCC(COc1cncc2nnc(-c3ccc(OC(F)F)cc3)n12)C(=O)O
END126,3.6738161486,INACTIVE,TEST,Oc1cc(Oc2cncc3nnc(-c4ccc(OC(F)F)cc4)n23)ncn1
END296,2.6948319058,INACTIVE,TEST,O=C(NNCc1ccccc1)c1cncc2nnc(-c3ccc(OC(F)F)cc3)n12
END217,2.0630413442,INACTIVE,TEST,N#Cc1ccc(-c2nnc3cncc(N(CCCl)CCCl)n23)cc1
END284,3.8415702257,INACTIVE,TEST,N#Cc1ccc(-c2nnc3cncc(OC(O)=Cc4cc(F)cc(=O)o4)n23)cc1
END91,3.1550155422,INACTIVE,TEST,Cc1c(COc2cncc3nnc(-c4ccc(C#N)cc4)n23)cnc(F)c1O
END102,2.6026671159,INACTIVE,TEST,N#Cc1ccc(-c2nnc3cncc(OC(CN)c4ccc(F)cc4)n23)cc1
END125,2.5820314374,INACTIVE,TEST,FC(F)Oc1ccc(-c2nnc3cncc(C4NCCn5cccc54)n23)cc1
END57,5.3691302097,INACTIVE,TEST,CN1CC(CC#N)CC1c1cncc2nnc(-c3ccc(C#N)cc3)n12
END220,8.2400874523,INACTIVE,TEST,CN(C)c1cc(CF)n(-c2cncc3nnc(-c4ccc(C#N)cc4)n23)n1
END254,3.287963171,INACTIVE,TEST,CC(F)OC(=S)c1nnc2cncc(C(=O)Nc3ccnc(C(F)(F)F)c3)n12
END96,3.0606445997,INACTIVE,TEST,O=C(c1cncc2nnc(-c3ccc(OC(F)F)cc3)n12)C1(CNCC(F)F)CCOC1
END196,6.1335795815,INACTIVE,TEST,CNC(COc1cncc2nnc(-c3ccc(C#N)cc3)n12)c1ccc(F)nc1
END67,2.4223076592,INACTIVE,TEST,N#Cc1ccc(-c2nnc3cncc(OCNCCc4cccc(F)c4)n23)cc1
END64,2.4750075757,INACTIVE,TEST,Cc1[nH]ccc(=O)c1Cc1cncc2nnc(-c3ccc(OC(F)F)cc3)n12
END160,2.5113046066,INACTIVE,TEST,N=C(N)NCCCCCCc1cncc2nnc(-c3ccc(OC(F)F)cc3)n12
END103,2.9295878851,INACTIVE,TEST,CC(C)CC(CC(=O)O)Oc1cncc2nnc(-c3ccc(C#N)cc3)n12
END5,2.9950355709,INACTIVE,TEST,CN(C)C(COc1cncc2nnc(-c3ccc(C#N)cc3)n12)c1ccco1
END79,4.4671900327,INACTIVE,TEST,CC1=NOC(=O)C1=CCc1cncc2nnc(-c3ccc(OC(F)F)cc3)n12
END108,5.1418515334,INACTIVE,TEST,CN(COC(=O)C1CC1)Cc1cncc2nnc(-c3ccc(OC(F)F)cc3)n12
END28,4.9539347563,INACTIVE,TEST,CC(Oc1cncc2nnc(-c3ccc(C#N)cc3)n12)n1cccc1C(=O)N(C)C
END74,3.1923934862,INACTIVE,TEST,C[S+]([O-])Oc1ccc(-c2nnc3cncc(CN4Cc5ccccc5C4)n23)cc1
END121,6.4814603157,INACTIVE,TEST,CNC(COc1cncc2nnc(-c3ccc(C#N)cc3)n12)c1ccc(O)cc1
END135,4.1297307341,INACTIVE,TEST,CC=NNC1=NC(=O)C(CCc2cncc3nnc(-c4ccc(OC(F)F)cc4)n23)S1
END257,5.0215327666,INACTIVE,TEST,CN(C)C(COc1cncc2nnc(-c3ccc(C#N)cc3)n12)c1cccc(CO)c1
END8,8.5709365625,INACTIVE,TEST,O=C(c1cncc2nnc(-c3ccc(OC(F)F)cc3)n12)N1CCCC1
END61,4.4265370408,INACTIVE,TEST,CN(C)C(COc1cncc2nnc(-c3ccc(C#N)cc3)n12)c1cnc(F)s1
END4,7.8991146674,INACTIVE,TEST,c1cncc(-c2nnc3cncc(CN4Cc5ccccc5C4)n23)c1
END265,4.8650839345,INACTIVE,TEST,O=C1NCCN1C(F)Oc1ccc(-c2nnc3cncc(CN4Cc5ccccc5C4)n23)cc1
END110,5.6441026159,INACTIVE,TEST,CC(Oc1cncc2nnc(-c3ccc(OC(F)F)cc3)n12)n1cccc1C(=O)CO
END90,5.8931537797,INACTIVE,TEST,N#Cc1ccc(-c2nnc3cncc(NN=Cc4ccc(F)cc4O)n23)cc1
END83,14.0338240522,INACTIVE,TEST,O=C(Nc1ccnc(C(F)(F)F)c1)c1cncc2nnc(CCCn3cccn3)n12
END133,9.0991063212,INACTIVE,TEST,O=C(Nc1ccnc(C(F)(F)F)c1)c1cncc2nnc(-c3cccnc3)n12
OSM-S-175,0.3475,ACTIVE,TEST,O=C(NC1=CC=NC(C(F)(F)F)=C1)C2=CN=CC3=NN=C(C4=CC=C(OC(F)F)C=C4)N32
OSM-S-176,0.25,,TRAIN,c1ncc2n(c1C(NCc1cc(ccc1)Cl)=O)c(nn2)c1ccc(cc1)OC(F)F
OSM-S-177,10,INACTIVE,TRAIN,O=C(N1CC(C=CC=C2)=C2C1)C3=CN=CC4=NN=C(C5=CC=C(OC(F)F)C=C5)N43
OSM-S-178,1.34,,TRAIN,c1ncc2n(c1C(NCc1ccc(cc1)Cl)=O)c(nn2)c1ccc(cc1)OC(F)F
OSM-S-179,10,,TRAIN,c1ncc2n(c1C(NCC1CCOCC1)=O)c(nn2)c1ccc(cc1)OC(F)F
OSM-S-180,10,,TRAIN,c1ncc2n(c1C(N1CCN(CC1)c1ncccc1)=O)c(nn2)c1ccc(cc1)OC(F)F
OSM-S-181,10,,TRAIN,c1ncc2n(c1C(NCCN1CCOCC1)=O)c(nn2)c1ccc(cc1)OC(F)F
OSM-S-182,10,,TRAIN,c1ncc2n(c1C(N1CCCC1)=O)c(nn2)c1ccc(cc1)OC(F)F
OSM-S-183,3.56,,TRAIN,c1ncc2n(c1C(N1C(CCC1)c1ccccc1)=O)c(nn2)c1ccc(cc1)OC(F)F
OSM-S-184,10,,TRAIN,c1ncc2n(c1C(N1CCN(CC1)S(=O)(C)=O)=O)c(nn2)c1ccc(cc1)OC(F)F
OSM-S-185,10,,TRAIN,c1ncc2n(c1C(N1CCOCC1)=O)c(nn2)c1ccc(cc1)OC(F)F
OSM-S-186,1.36,,TRAIN,c1ncc2n(c1C(=O)N[C@@H](c1ccccc1)C)c(nn2)c1ccc(cc1)OC(F)F
OSM-S-187,0.534,,TRAIN,N#CC(C=C1)=CC=C1C2=NN=C3C=NC=C(OCCC4=CC=CC=C4)N32
OSM-S-189,0.309,,TRAIN,N#CC(C=C1)=CC=C1C2=NN=C3C=NC=C(OCCC4=CC=CC=C4Cl)N32
OSM-S-201,4.5956,INACTIVE,TEST,O=C(NC1=C(C)C(Cl)=CC=C1)C2=CN=CC(N23)=NN=C3C4=CC=C(OC(F)F)C=C4
OSM-S-202,0.211,ACTIVE,TRAIN,c1ncc2n(c1C(Nc1cccc(c1)Cl)=O)c(nn2)c1ccc(cc1)OC(F)F
OSM-S-204,0.9018,PARTIAL,TEST,O=C(NC1=C(F)C(Cl)=CC=C1)C2=CN=CC(N23)=NN=C3C4=CC=C(OC(F)F)C=C4
OSM-S-206,0.309,,TRAIN,FC(F)OC(C=C1)=CC=C1C2=NN=C3C=NC=C(C(NC4=CC(C(F)(F)F)=CC(C(F)(F)F)=C4)=O)N32
OSM-S-218,0.1105,ACTIVE,TEST,FC1=C(F)C=CC(C(OC)COC2=CN=CC3=NN=C(C4=CC=C(C#N)C=C4)N32)=C1
OSM-S-254,0.7744,PARTIAL,TEST,O=C(NC1=CC(Cl)=CC=C1C)C2=CN=CC(N23)=NN=C3C4=CC=C(OC(F)F)C=C4
OSM-S-255,10,,TRAIN,O=C(NC1=C(C)C(Cl)=CC=C1)C2=CN=CC(N23)=NN=C3C4=CC=C(OC)C=C4
OSM-S-256,5.66,,TRAIN,O=C(NC1=C(F)C(Cl)=CC=C1)C2=CN=CC(N23)=NN=C3C4=CC=C(OC)C=C4
OSM-S-257,1.06,,TRAIN,O=C(NC1=CC(Cl)=CC=C1C)C2=CN=CC(N23)=NN=C3C4=CC=C(OC)C=C4
OSM-S-258,10,,TRAIN,ClC1=CC=CC=C1CCOC2=CN=CC3=NN=C(C4=CC=NC=C4)N32
OSM-S-259,0.452,,TRAIN,ClC(C=C1)=CC=C1C2=NN=C3C=NC=C(OCC4=CC=C(F)C(F)=C4)N32
OSM-S-260,0.281,,TRAIN,FC1=C(F)C=CC(CCOC2=CN=CC3=NN=C(C4=CC=C(OC(F)F)C=C4)N32)=C1
OSM-S-262,10,,TRAIN,O=C(NC1=CC(Cl)=CC=C1)C2=CN=CC(N23)=NN=C3C4=NC=CC=C4
OSM-S-263,10,,TRAIN,O=C(NC1=CC(Cl)=CC=C1)C2=CN=CC(N23)=NN=C3C4=CN=CC=C4
OSM-S-265,0.285,,TRAIN,N#CC(C=C1)=CC=C1C2=NN=C3N2C(OCC(OC)C4=CC=CC=C4)=CN=C3
OSM-S-272,0.1078,ACTIVE,TEST,FC1=C(F)C=CC(CCOC2=CN=CC3=NN=C(C4=CC=C(Cl)C=C4)N32)=C1
OSM-S-273,0.11,,TRAIN,c1ncc2n(c1OCCc1cc(c(cc1)F)F)c(cn2)c1ccc(cc1)Cl
OSM-S-274,0.83,,TRAIN,c1ncc2cnc(n2c1OCCc1cc(c(cc1)F)F)c1ccc(cc1)Cl
OSM-S-275,5,,TRAIN,OC(COc2cncc3nnc(C1CCCCC1)n23)c4ccccc4
OSM-S-276,10,,TRAIN,OC(COc1cncc2nnc(CC)n12)c3ccccc3
OSM-S-277,5,,TRAIN,OC(COc2cncc3nnc(c1ccccc1)n23)c4ccccc4
OSM-S-278,4.2154,PARTIAL,TEST,OC(C1=CC=CC=C1)COC2=CN=CC3=NN=C(C4=CN=C(C(F)(F)F)C=C4)N32
OSM-S-279,0.314275,ACTIVE,TEST,OC(C1=CC=CC=C1)COC2=CN=CC3=NN=C(C4=CC=C(OC(F)F)C=C4)N32
OSM-S-280,10,,TRAIN,FC(F)Oc1ccc(cc1)c2nnc3cncc(OC)n23
OSM-S-281,10,,TRAIN,FC(F)OC(C=C1)=CC=C1C2=NN=C3C=NC=C(OC[C@H](NC)C4=CC=CC=C4)N32
OSM-S-283,2,,TRAIN,FC(F)Oc1ccc(cc1)c3nnc4cncc(OCC(N)c2ccccc2)n34
OSM-S-291,5,,TRAIN,ClC(C=CC=C1)=C1C2=NN=C3N2C(OCCC4=CC=CC=C4)=CN=C3
OSM-S-292,2.5,,TRAIN,ClC1=CC=CC(C2=NN=C3N2C(OCCC4=CC=CC=C4)=CN=C3)=C1
OSM-S-293,0.13,ACTIVE,TEST,ClC(C=C1)=CC=C1C2=NN=C3N2C(OCCC4=CC=CC=C4)=CN=C3
OSM-S-294,1.599,,TRAIN,C12=NN=C(C3=CC=CC=C3)N1C(OCCC4=CC=CC=C4)=CN=C2
OSM-S-295,5,,TRAIN,FC1=CC(C2=NN=C3N2C(OCCC4=CC=CC=C4)=CN=C3)=CC(F)=C1
OSM-S-296,1.014,,TRAIN,C12=NN=C(C3=CC(OCO4)=C4C=C3)N1C(OCCC5=CC=CC=C5)=CN=C2
OSM-S-297,0.415,,TRAIN,C12=NN=C(C3=CC(C=CC=C4)=C4C=C3)N1C(OCCC5=CC=CC=C5)=CN=C2
OSM-S-298,10,,TRAIN,FC1=CC(C2=NN=C3N2C(OCC4=NC=CC=C4)=CN=C3)=CC(F)=C1
OSM-S-299,10,,TRAIN,C12=NN=C(C3=CC(OCO4)=C4C=C3)N1C(OCC5=NC=CC=C5)=CN=C2
OSM-S-300,10,,TRAIN,C12=NN=C(C3=CC(C=CC=C4)=C4C=C3)N1C(OCC5=NC=CC=C5)=CN=C2
OSM-S-301,5,,TRAIN,FC(OC(C=C1)=CC=C1C2=NN=C3N2C(OCC4=NC=CC=C4)=CN=C3)F
OSM-S-346,0.702,,TRAIN,FC(F)OC(C=C1)=CC=C1C2=NN=C3C=NC=C(OC(C)C4=CC=C(Cl)C(Cl)=C4)N32
OSM-S-347,0.529,,TRAIN,FC(F)OC(C=C1)=CC=C1C2=NN=C3C=NC=C(OCC4=CC=C(Cl)C(Cl)=C4)N32
OSM-S-348,1.636,,TRAIN,FC(F)OC(C=C1)=CC=C1C2=NN=C3C=NC=C(OCC4=CC=C(Cl)C=C4)N32
OSM-S-349,0.582,,TRAIN,FC(C=C1)=C(F)C=C1C2=NN=C3C=NC=C(OCCC4=CC=CC=C4)N32
OSM-S-350,0.709,,TRAIN,ClC(C=C1)=C(Cl)C=C1C2=NN=C3C=NC=C(OCCC4=CC=CC=C4)N32
OSM-S-351,0.259,,TRAIN,ClC1=CC=CC(C2=NN=C3C=NC=C(OCCC4=CC=CC=C4)N32)=C1Cl
OSM-S-352,0.366,,TRAIN,FC(C=C1)=CC=C1C2=NN=C3C=NC=C(OCCC4=CC=CC=C4)N32
OSM-S-353,0.1137,ACTIVE,TEST,FC(F)OC(C=C1)=CC=C1C2=NN=C3C=NC=C(OCC(C4=CC=CC=C4)CO)N32
OSM-S-363,10,INACTIVE,TEST,FC(F)OC(C=C1)=CC=C1C2=NN=C3C=NC=C(SCCC4=CC=CC=C4)N32
OSM-S-364,10,INACTIVE,TEST,FC(F)OC(C=C1)=CC=C1C2=NN=C3C=NC=C(S(CCC4=CC=CC=C4)=O)N32
OSM-S-366,0.4349,INACTIVE,TEST,C(COc1cncc2n1c(nn2)c1cnc(cc1)C(F)(F)F)c1cc(c(cc1)F)F
OSM-S-367,8.1938,INACTIVE,TEST,O=C(NC1=CC=C(Cl)C=C1)C2=CN=CC3=NN=C(C4=CC=C(OC(F)F)C=C4)N32
OSM-S-368,2.239,PARTIAL,TEST,FC(F)OC(C=C1)=CC=C1C2=NN=C3C=NC=C(OCC4=CC=CC=C4)N32
OSM-S-369,0.251,ACTIVE,TEST,FC(F)OC(C=C1)=CC=C1C2=NN=C3C=NC=C(OCCC4=CC=CC=C4)N32
OSM-S-370,1.995,ACTIVE,TEST,FC(F)OC(C=C1)=CC=C1C2=NN=C3C=NC=C(OCCCC45C6C7C4C8C5C6C87)N32
OSM-S-371,0.372,ACTIVE,TEST,FC(F)OC(C=C1)=CC=C1C2=NN=C3C=NC=C(OCCC4(C56)C7C6C8C5C4C87)N32
OSM-S-372,10,INACTIVE,TEST,FC(F)OC(C=C1)=CC=C1C2=NN=C3C=NC=C(OCC4=CN(CC5=CC=CC=C5)N=N4)N32
OSM-S-373,10,INACTIVE,TEST,FC(F)OC(C=C1)=CC=C1C2=NN=C3C=NC=C(OCC(N=N4)=CN4C5=CC=CC=C5)N32
OSM-S-374,10,INACTIVE,TEST,FC(F)OC(C=C1)=CC=C1C2=NN=C3C=NC=C(OCC4=CN(C5=NC(Cl)=CN=C5)N=N4)N32
OSM-S-375,10,INACTIVE,TEST,IC12C(C3C1C4C52)C5C34C6=NN=C7C=NC=C(OCCC8=CC(F)=C(F)C=C8)N76
OSM-S-376,0.5767,ACTIVE,TEST,OC(C1=CC(F)=C(F)C=C1)COC2=CN=CC3=NN=C(C4=CC=C(C#N)C=C4)N32
OSM-S-377,0.01668,,TEST,FC(C=C1)=C(F)C=C1[C@@H](OC(F)F)COC2=CN=CC3=NN=C(C4=CC=C(C#N)C=C4)N32
OSM-S-378,10,ACTIVE,TEST,FC1=C(F)C=CC(C(N(C)C)COC2=CN=CC3=NN=C(C4=CC=C(C#N)C=C4)N32)=C1
OSM-S-379,0.3292,ACTIVE,TEST,FC(C(Cl)=C1)=CC=C1NC(C2=CN=CC3=NN=C(C4=CC=C(OC(F)F)C=C4)N32)=O
OSM-S-380,0.11,ACTIVE,TEST,FC(OC(C=C1)=CC=C1C2=NN=C3C=NC=C(CN4CC(C=CC=C5)=C5C4)N32)F
OSM-S-381,0.02432,,TEST,c1ncc2n(c1OCC(c1cc(c(cc1)F)F)CO)c(nn2)c1ccc(cc1)OC(F)F
OSM-S-382,10,INACTIVE,TEST,IC12C3C4C5(C3C1C5C24)C6=NN=C7C=NC=C(C(NC8=CC(C(F)(F)F)=NC=C8)=O)N76
OSM-S-383,0.135,ACTIVE,TEST,FC(F)OC(C=C1)=CC=C1C2=NN=C3C=NC=C(OCCC4=CC(OC)=CC=C4)N32
OSM-S-384,0.928,ACTIVE,TEST,FC(F)OC(C=C1)=CC=C1C2=NN=C3C=NC=C(OCCC4=CC=C(OC)C=C4)N32
OSM-S-385,8.586,ACTIVE,TEST,FC(F)OC(C=C1)=CC=C1C2=NN=C3C=NC=C(OC(C)C4=CC=C(F)C(F)=C4)N32
OSM-S-386,4.801,INACTIVE,TEST,FC(F)OC(C=C1)=CC=C1C2=NN=C3C=NC=C(OC(C)C4=CC=C(C#N)C=C4)N32
OSM-S-387,10,INACTIVE,TEST,FC(C=C1)=C(F)C=C1CCOC2=CN=CC3=NN=CN32
OSM-S-388,10,INACTIVE,TEST,OC1=CN=CC2=NN=C(N3CCCCC3)N21
OSM-S-389,0.1408,ACTIVE,TEST,FC1=C(C=CC(C(COC2=CN=CC3=NN=C(N32)C4=CC=C(OC(F)F)C=C4)N(C)C)=C1)F
OSM-S-390,0.074,ACTIVE,TEST,FC(OC1=CC=C(C2=NN=C3C=NC=C(N32)OCC(C4=CC(F)=C(C=C4)F)O)C=C1)F
JS_10-1,50,,TRAIN,ClC1=CC=CC(N/N=C/C2=CC=C(C#N)C=C2)=N1
JS_11-1,50,,TRAIN,ClC1=CC=CC2=NN=C(C3=CC=C(C#N)C=C3)N21
JS_12-1,50,,TRAIN,ClC1=CC=CC(C(NC2=CC(C(F)(F)F)=NC=C2)=O)=N1
JS_15-1,50,,TRAIN,O=C(NC1=CC=NC(C(F)(F)F)=C1)C2=CC=CC(N/N=C/C3=CC=C(C#N)C=C3)=N2
JS_16-1,50,,TRAIN,O=C(NC1=CC=NC(C(F)(F)F)=C1)C2=CC=CC3=NN=C(C4=CC=C(C#N)C=C4)N32
JS_19-1,5.2,,TRAIN,ClC(C=CC=C1)=C1CCOC2=CC=CC3=NN=C(C4=CC=C(C#N)C=C4)N32
JS_20-1,6.8,,TRAIN,N#CC(C=C1)=CC=C1C2=NN=C3C=CC=C(OCCC4=CC=CC=C4)N32
JS_21-1,3.5,,TRAIN,FC(C(F)=C1)=CC=C1CCOC2=CC=CC3=NN=C(C4=CC=C(C#N)C=C4)N32
MMV670763,10,,TRAIN,[C@H](COc1cncc2n1c(nn2)c1ccc(cc1)OC(F)F)(c1cc(c(cc1)F)F)NC
MMV671933,0.6095,,TRAIN,[C@H]1([C@@H](N(C1)C1CC1)c1cc(c(cc1)F)F)Oc1cncc2n1c(nn2)c1ccc(cc1)OC(F)F
MMV671934,1.121,,TRAIN,[C@H]1([C@@H](N(C1=O)C1CC1)c1cc(c(cc1)F)F)Oc1cncc2n1c(nn2)c1ccc(cc1)OC(F)F
MMV672689,0.7308,,TRAIN,[C@H]1([C@H](N(C1)C1CC1)c1ccc(c(c1)F)F)Oc1cncc2nnc(n12)c1ccc(cc1)OC(F)F
MMV672619,10,,TRAIN,[C@H]1(C(N([C@@H]1c1cc(c(cc1)F)F)C1CC1)=O)Oc1ncc2n(c1)c(nn2)c1ccc(cc1)OC(F)F
MMV672727,0.1228,,TRAIN,C(COc1cncc2n1c(nn2)c1ccc(cc1)OC(F)F)(c1ccc(c(c1)F)F)(F)C
MMV672723,0.1012,,TRAIN,C(COc1cncc2n1c(nn2)c1ccc(cc1)OC(F)F)(c1ccc(c(c1)F)F)(O)C
MMV672936,0.06536,,TRAIN,C(COc1cncc2n1c(nn2)c1ccc(cc1)OC(F)F)(c1ccc(c(c1)F)F)F
MMV669025,4.13,,TRAIN,C=1\NC(c2n(/C1/OCCc1cc(c(cc1)F)F)c(nn2)c1ccc(cc1)OC(F)F)=O
MMV669544,10,,TRAIN,c1(C(NCc2cncc3n2c(nn3)c2ccc(cc2)OC(F)F)=O)cc(ccc1)Cl
MMV672626,10,,TRAIN,C1(CC1)(C(Oc1cncc2n1c(nn2)c1ccc(cc1)OC(F)F)C(F)(F)F)c1ccc(c(c1)F)F
MMV672992,10,,TRAIN,c1(ccc2n(n1)c(nn2)c1ccc(cc1)C#N)NCCc1cnccc1
MMV672942,0.5096,,TRAIN,c1(ccc2n(n1)c(nn2)c1ccc(cc1)OC(F)F)NCCc1ccc(cc1)F
MMV672939,6.779,,TRAIN,c1(ccc2n(n1)c(nn2)c1ccc(cc1)OC(F)F)OCCc1cc(c(cc1)F)F
MMV669304,0.28,ACTIVE,TRAIN,c1(ccccc1)CCCc1cncc2n1c(nn2)c1ccc(cc1)OC(F)F
MMV669310,8.76,,TRAIN,c1(ccccc1)CCCC1CNCc2n1c(nn2)c1ccc(cc1)OC(F)F
MMV669305,10,,TRAIN,c1(CCN2CCOCC2)cncc2n1c(nn2)c1ccc(cc1)OC(F)F
MMV668956,0.43,,TRAIN,C1(CN(C1)c1cc(c(cc1)F)F)Oc1cncc2n1c(nn2)c1ccc(cc1)OC(F)F
MMV670438,0.4833,,TRAIN,C1(COC1)(COc1cncc2n1c(nn2)c1ccc(cc1)OC(F)F)c1cc(c(cc1)F)F
MMV672990,10,INACTIVE,TRAIN,c1(ncc2n(c1)c(nn2)c1ccc(cc1)OC(F)F)NC(Cc1cccc(c1)Cl)=O
MMV671655,10,,TRAIN,c1(ncc2n(c1)c(nn2)c1ccc(cc1)OC(F)F)Nc1ccc(c(c1)F)F
MMV670949,10,,TRAIN,c1(ncc2n(c1)c(nn2)c1ccc(cc1)OC(F)F)NCc1cc(c(cc1)F)F
MMV671927,10,INACTIVE,TRAIN,c1(ncc2n(c1)c(nn2)c1ccc(cc1)OC(F)F)NCCc1ccc(cc1)F
MMV671926,3.446,,TRAIN,c1(ncc2n(c1)c(nn2)c1ccc(cc1)OC(F)F)Oc1ccc(c(c1)F)F
MMV670946,0.5207,,TRAIN,c1(ncc2n(c1)c(nn2)c1ccc(cc1)OC(F)F)OCc1cc(c(cc1)F)F
MMV670945,0.03382,,TRAIN,c1(ncc2n(c1)c(nn2)c1ccc(cc1)OC(F)F)OCCc1cc(c(cc1)F)F
MMV668822,4.01,,TRAIN,c1[n+](cc2n(c1OCCc1cc(c(cc1)F)F)c(nn2)c1ccc(cc1)OC(F)F)[O-]
MMV671677,0.309,ACTIVE,TRAIN,c1c(c(c(cc1)C(F)(F)F)Cl)CNC(c1cncc2n1c(nn2)c1ccc(cc1)OC(F)F)=O
MMV671676,0.3321,,TRAIN,c1c(c(ccc1Cl)Cl)CNC(c1cncc2n1c(nn2)c1ccc(cc1)OC(F)F)=O
MMV669543,0.28,,TRAIN,c1c(ccc(c1F)F)CNC(c1cncc2n1c(nn2)c1ccc(cc1)OC(F)F)=O
MMV672618,1.983,,TRAIN,c1cc(cc2c1n(cc2)C)Oc1cncc2n1c(nn2)c1ccc(cc1)OC(F)F
MMV668962,10,,TRAIN,C1N(Cc2n(C1)c(nn2)c1ccc(cc1)OC(F)F)C(CN)=O
MMV669541,6.92,,TRAIN,c1nc(c2n(c1OCCc1cc(c(cc1)F)F)c(nn2)c1ccc(cc1)OC(F)F)C
MMV668823,0.16,,TRAIN,c1nc(c2n(c1OCCc1cc(c(cc1)F)F)c(nn2)c1ccc(cc1)OC(F)F)Cl
MMV669311,10,,TRAIN,c1nc(c2n(c1OCCc1cc(c(cc1)F)F)c(nn2)c1ccc(cc1)OC(F)F)N
MMV669102,6.86,,TRAIN,c1nc(c2n(c1OCCc1cc(c(cc1)F)F)c(nn2)c1ccc(cc1)OC(F)F)N(CC)CC
MMV668960,10,,TRAIN,C1NCc2n(C1)c(nn2)c1ccc(cc1)OC(F)F
MMV669105,1.06,,TRAIN,c1ncc2n(c1C(=O)N(Cc1cc(ccc1)Cl)C)c(nn2)c1ccc(cc1)OC(F)F
MMV669021,1.6,,TRAIN,c1ncc2n(c1C(=O)N[C@H](c1ccccc1)C)c(nn2)c1ccc(cc1)OC(F)F
MMV670768,10,,TRAIN,c1ncc2n(c1C(=O)N1CCc3c1ccc(c3)F)c(nn2)c1ccc(cc1)OC(F)F
MMV671654,5.576,,TRAIN,c1ncc2n(c1C(=O)Nc1ccc(cc1Cl)F)c(nn2)c1ccc(cc1)OC(F)F
MMV672624,0.5468,,TRAIN,c1ncc2n(c1C(=O)NC1CCc3c1ccc(c3)Cl)c(nn2)c1ccc(cc1)OC(F)F
MMV672625,10,,TRAIN,c1ncc2n(c1C(=O)Nc1ccnc(c1)C(F)(F)F)c(nn2)c1c(nn(c1C)c1ccc(cc1)F)C
MMV669027,3.17,,TRAIN,c1ncc2n(c1C(=O)NCCc1ccccc1)c(nn2)c1ccc(cc1)OC(F)F
MMV669026,10,,TRAIN,c1ncc2n(c1C(Nc1ncccc1)=O)c(nn2)c1ccc(cc1)OC(F)F
MMV669002,0.38,,TRAIN,c1ncc2n(c1C(NCc1ccccc1Cl)=O)c(nn2)c1ccc(cc1)OC(F)F
MMV670243,0.32,,TRAIN,c1ncc2n(c1CCCc1cc(c(cc1)F)F)c(nn2)c1ccc(cc1)OC(F)F
MMV669312,10,,TRAIN,c1ncc2n(c1CCN1Cc3c(C1)cccc3)c(nn2)c1ccc(cc1)OC(F)F
MMV668824,10,,TRAIN,c1ncc2n(c1CCO)c(nn2)c1ccc(cc1)OC(F)F
MMV668955,8.37,,TRAIN,C1NCc2n(C1CCO)c(nn2)c1ccc(cc1)OC(F)F
MMV669360,0.36,ACTIVE,TRAIN,c1ncc2n(c1COCc1cc(c(cc1)F)F)c(nn2)c1ccc(cc1)OC(F)F
MMV671652,0.5697,,TRAIN,c1ncc2n(c1N[C@H](c1cc(c(cc1)F)F)CO)c(nn2)c1ccc(cc1)OC(F)F
MMV668957,2,,TRAIN,c1ncc2n(c1N1CCC(C1)c1ccccc1)c(nn2)c1ccc(cc1)OC(F)F
MMV671678,10,,TRAIN,c1ncc2n(c1n1ccnc1Cc1cc(c(cc1)F)F)c(nn2)c1ccc(cc1)OC(F)F
MMV671653,6.721,,TRAIN,c1ncc2n(c1n1ncc(c1)c1cc(c(cc1)F)F)c(nn2)c1ccc(cc1)OC(F)F
MMV670934,9.635,,TRAIN,c1ncc2n(c1Nc1ccc(c(c1)Cl)Cl)c(nn2)c1ccc(cc1)OC(F)F
MMV671651,0.2785,,TRAIN,c1ncc2n(c1OC[C@@H](c1cc(c(cc1)F)F)N)c(nn2)c1ccc(cc1)OC(F)F
MMV671650,0.5973,,TRAIN,c1ncc2n(c1Oc1cc(c(cc1)Cl)C(F)(F)F)c(nn2)c1ccc(cc1)OC(F)F
MMV670765,0.4551,,TRAIN,c1ncc2n(c1Oc1cc(c(cc1)Cl)Cl)c(nn2)c1ccc(cc1)OC(F)F
MMV672620,1.629,,TRAIN,c1ncc2n(c1Oc1cc3c(cc1)ccc(n3)C(F)(F)F)c(nn2)c1ccc(cc1)OC(F)F
MMV670659,0.1147,,TRAIN,c1ncc2n(c1Oc1cc3c(cc1)cccc3)c(nn2)c1ccc(cc1)OC(F)F
MMV671649,2.581,,TRAIN,c1ncc2n(c1Oc1cc3c(cc1)CCCC3)c(nn2)c1ccc(cc1)OC(F)F
MMV672989,1.67,,TRAIN,c1ncc2n(c1Oc1cc3nc(ccc3cc1)OC)c(nn2)c1ccc(cc1)OC(F)F
MMV671929,10,,TRAIN,c1ncc2n(c1Oc1ccc(c(c1)Cl)Cl)c(nn2)c1c(n(nc1C)c1ccc(cc1)F)C
MMV671648,0.738,,TRAIN,c1ncc2n(c1Oc1ccc(cc1)C(C)(C)C)c(nn2)c1ccc(cc1)OC(F)F
MMV670764,0.3829,,TRAIN,c1ncc2n(c1Oc1ccc(cc1)C(F)(F)F)c(nn2)c1ccc(cc1)OC(F)F
MMV669784,2.96,,TRAIN,c1ncc2n(c1Oc1ccc(cc1)Cl)c(nn2)c1ccc(cc1)OC(F)F
MMV671680,0.2627,,TRAIN,c1ncc2n(c1Oc1ccc(cc1)S(F)(F)(F)(F)F)c(nn2)c1ccc(cc1)OC(F)F
MMV672622,1.822,,TRAIN,c1ncc2n(c1Oc1ccc/3c(c1)OC(/C=C3/C)(C)C)c(nn2)c1ccc(cc1)OC(F)F
MMV672940,0.8392,,TRAIN,c1ncc2n(c1Oc1ccc3c(c1)cc(c(c3)F)F)c(nn2)c1ccc(cc1)OC(F)F
MMV672941,0.1734,,TRAIN,c1ncc2n(c1Oc1ccc3c(c1)cc(cc3F)F)c(nn2)c1ccc(cc1)OC(F)F
MMV672730,2.025,,TRAIN,c1ncc2n(c1Oc1ccc3c(c1)cnc(n3)C(F)(F)F)c(nn2)c1ccc(cc1)OC(F)F
MMV672623,10,,TRAIN,c1ncc2n(c1Oc1ccc3c(c1)n(nc3)C)c(nn2)c1ccc(cc1)OC(F)F
MMV672686,6.203,,TRAIN,c1ncc2n(c1Oc1ccc3c(c1)nn(c3)C)c(nn2)c1ccc(cc1)OC(F)F
MMV672621,1.928,,TRAIN,c1ncc2n(c1Oc1ccc3c(c1)onc3C)c(nn2)c1ccc(cc1)OC(F)F
MMV672937,0.5764,,TRAIN,c1ncc2n(c1Oc1ccc3c(c1)scc3)c(nn2)c1ccc(cc1)OC(F)F
MMV670935,3.066,,TRAIN,c1ncc2n(c1Oc1cccc(c1)Cl)c(nn2)c1ccc(cc1)OC(F)F
MMV672725,6.038,,TRAIN,c1ncc2n(c1Oc1cccc(c1)Oc1ccccn1)c(nn2)c1ccc(cc1)OC(F)F
MMV671647,0.6133,,TRAIN,c1ncc2n(c1OCC(c1cc(c(cc1)F)F)N1CCOCC1)c(nn2)c1ccc(cc1)OC(F)F
MMV671679,10,,TRAIN,c1ncc2n(c1OCC(F)(F)F)c(nn2)c1c(n(nc1C)c1ccc(cc1)F)C
MMV670762,10,INACTIVE,TRAIN,c1ncc2n(c1OCC(F)(F)F)c(nn2)c1ccc(cc1)OC(F)F
MMV672726,1.459,,TRAIN,c1ncc2n(c1OCC1CCc3c1ccc(c3)Cl)c(nn2)c1ccc(cc1)OC(F)F
MMV668961,10,,TRAIN,c1ncc2n(c1OCCc1cc(c(cc1)F)F)c(nn2)C1CCN(CC1)C(C)=O
MMV668959,10,,TRAIN,c1ncc2n(c1OCCc1cc(c(cc1)F)F)c(nn2)C1CCOCC1
MMV669028,0.47,,TRAIN,c1ncc2n(c1OCCc1cc(c(cc1)F)F)c(nn2)N1Cc2c(C1)cccc2
MMV669009,2.63,,TRAIN,c1ncc2n(c1OCCc1cc(c(cc1)F)F)c(nn2)N1CCCCC1
MMV669006,0.85,,TRAIN,c1ncc2n(c1OCCc1cc(c(cc1)F)F)c(nn2)Nc1cc(c(cc1)F)F
MMV669850,0.65,,TRAIN,c1ncc2nnc(n2c1C(Nc1ccc(c(c1)F)F)=O)c1ccc(cc1)OC(F)F
MMV669849,3.74,,TRAIN,c1ncc2nnc(n2c1C(Nc1ccc(cc1)F)=O)c1ccc(cc1)OC(F)F
MMV672688,1.668,,TRAIN,c1ncc2nnc(n2c1OCc1cccc2c1cccc2)c1ccc(cc1)OC(F)F
MMV670249,2.05,,TRAIN,c1ncc2nnc(n2c1OCCc1ccc(c(c1)F)F)N1CCc2c1ccc(c2)F
MMV669103,10,,TRAIN,N(c1cncc2n1c(nn2)c1ccc(cc1)OC(F)F)S(Cc1ccc(cc1)C(F)(F)F)(=O)=O
MMV669353,10,,TRAIN,N1(CC(C1)c1ccccc1)c1cncc2n1c(nn2)c1ccc(cc1)OC(F)F
MMV669008,4.96,,TRAIN,N1(CC(C1)Oc1cc(c(cc1)F)F)c1cncc2n1c(nn2)c1ccc(cc1)OC(F)F
OSM-S-106,,INACTIVE,TRAIN,NS(=O)(=O)c1cccc(c1)c2cc3ncnc(N)c3s2
OSM-A-1,3.7145,,TRAIN,O=C(/C(S/1)=C/C2=C(C)N(C(C)=C2)C3=CC=C(S(=O)(N)=O)C=C3)NC1=N\C4=CC=CC=C4
OSM-A-2,1.2015,,TRAIN,O=C(/C(S/1)=C/C2=C(C)N(C(C)=C2)C3=CC=C(C#N)C=C3)NC1=N\C4=CC=CC=C4
OSM-A-3,0.119,,TRAIN,O=C(/C(S/1)=C/C2=C(C)N(C(C)=C2)C3=CC(OC)=CC=C3)NC1=N\C4=CC=CC=C4
OSM-A-4,2.4535,,TRAIN,O=C(/C(S/1)=C/C2=C(C)N(C(C)=C2)C3=CC=C(I)C=C3)NC1=N\C4=CC=CC=C4
OSM-E-1,50,,TRAIN,FC1=CC=C(N2C(C)=CC(S(N(C)CC(N)=O)(=O)=O)=C2C)C=C1
OSM-E-2,50,,TRAIN,FC1=CC=C(N2C(C)=CC(S(NCC(N)=O)(=O)=O)=C2C)C=C1
OSM-E-3,50,,TRAIN,FC1=CC=C(N2C(C)=C(S(N(CC(N)=O)C)(=O)=O)C(S(N(C)CC(N)=O)(=O)=O)=C2C)C=C1
OSM-E-4,50,,TRAIN,FC1=CC=C(N2N=NC(COC(CBr)=O)=C2)C=C1
OSM-E-5,50,,TRAIN,FC1=CC=C(N2N=NC(COCC(OCC)=O)=C2)C=C1
OSM-E-6,50,,TRAIN,FC1=CC=C(N2N=NC(COCC(OC)=O)=C2)C=C1
OSM-E-7,50,,TRAIN,FC1=CC=C(N2N=NC(COCC(OCC3=CN(C4=CC=C(F)C=C4)N=N3)=O)=C2)C=C1
OSM-E-8,50,,TRAIN,FC1=CC=C(N2N=NC(COCC(N)=O)=C2)C=C1
OSM-L-1,4.1,,TRAIN,CC(N1C2=CC(F)=CC=C2)=CC(/C=C(C(N/3C4=CC=CC=C4)=O)\SC3=N/C5=CC=CC=C5)=C1C
OSM-S-10,0.1925,,TRAIN,FC1=CC=C(N2C(C)=CC(/C=C3S/C(NC\3=O)=N\C4=CC=CC=C4)=C2C)C=C1
OSM-S-100,50,,TRAIN,FC1=CC=C(N2C(C)=CC(C(OC(C)C(O)=O)=O)=C2C)C=C1
OSM-S-101,50,,TRAIN,FC1=CC=C(N2C(C)=CC(C3=NC(C(O)=O)=CO3)=C2C)C=C1
OSM-S-102,50,,TRAIN,FC1=CC=C(N2C(C)=CC(C(CCC(NC)=O)=O)=C2C)C=C1
OSM-S-103,50,,TRAIN,CC(N1C2=CC=C(F)C=C2)=C(C(CCC(N)=O)=O)C=C1C
OSM-S-104,50,,TRAIN,FC1=CC=C(N2N=CC(C3=NC(C(O)=O)=CO3)=C2C)C=C1
OSM-S-105,50,,TRAIN,FC1=CC=C(N2N=CC(C3=NC(C(N)=O)=CO3)=C2C)C=C1
OSM-S-108,1.2,,TRAIN,O=C(/C(S/1)=C/C2=C(C)NC(C)=C2)NC1=N\C3=CC=CC=C3
OSM-S-109,0.262,,TRAIN,O=C(/C(S/1)=C/C2=C(C)N(C3=CC=C([N+]([O-])=O)C=C3)C(C)=C2)NC1=N\C4=CC=CC=C4
OSM-S-110,2.3,,TRAIN,O=C(/C(S/1)=C/C2=C(C)N(C3=CC=C([N+]([O-])=O)C=C3)C(C)=C2)NC1=N\C4=CC(O)=CC=C4
OSM-S-111,0.165666667,INACTIVE,TRAIN,O=C(/C(S/1)=C/C2=C(C)N(C3=CC=C(OC)C=C3)C(C)=C2)NC1=N\C4=CC=CC=C4
OSM-S-112,1.6,,TRAIN,O=C(/C(S/1)=C/C2=C(C)N(C3=CC=C(OC)C=C3)C(C)=C2)NC1=N\C4=CC(O)=CC=C4
OSM-S-113,50,,TRAIN,O=C(/C(S/1)=C/C2=C(C)N(C3=CC=CC=N3)C(C)=C2)NC1=N\C4=CC=C(O)C=C4
OSM-S-114,1.2,,TRAIN,O=C(/C(S/1)=C/C2=C(C)N(C3=CC=CC=C3)C(C)=C2)NC1=N\C4=CC(O)=CC=C4
OSM-S-115,1.8,,TRAIN,O=C(/C(S/1)=C/C2=C(C)N(C3=CC=CC=C3)C(C)=C2)NC1=N\C4=CC=C(O)C=C4
OSM-S-116,11,,TRAIN,CC(N1C2=CC=C(F)C=C2)=C(C(OC(C)C(N)=O)=O)C=C1C
OSM-S-12,50,,TRAIN,CC(N1C2=CC=CC=C2)=CC(C(O)=O)=C1C
OSM-S-13,50,,TRAIN,CC1=CC=C(N2C(C)=C(C(O)=O)C=C2C)C=C1
OSM-S-138,2.3,,TRAIN,CC1=CC(/C=C(S/2)/C(NC2=N\C3=CC=CC=C3)=O)=C(C)N1C4=CC=C(N)C=C4
OSM-S-14,50,,TRAIN,CC(N1C2=CC=C(C(F)(F)F)C=C2)=CC(C(O)=O)=C1C
OSM-S-16,50,,TRAIN,O=C(NC1=C(C)N(C)N(C2=CC=CC=C2)C1=O)CNC(C3=CC=CC=C3)=O
OSM-S-19,50,,TRAIN,CC(N1C2=CC=C(F)C=C2)=CC(C(NCC(N)=O)=O)=C1C
OSM-S-2,50,,TRAIN,CC1=CC(C=O)=C(C)N1C1=CC=C(F)C=C1
OSM-S-21,50,,TRAIN,FC1=CC=C(N2C(C)=CC(C(NCC(NC3=C(C)N(C)N(C4=CC=CC=C4)C3=O)=O)=O)=C2C)C=C1
OSM-S-28,50,,TRAIN,CC(N1C2=CC=CC=C2)=CC(C=O)=C1C
OSM-S-29,50,,TRAIN,CC1=CC=C(N2C(C)=C(C=O)C=C2C)C=C1
OSM-S-3,50,,TRAIN,O=C(C1=C(C)N(C2=CC=C(F)C=C2)C(C)=C1)OCC
OSM-S-30,50,,TRAIN,CCOC(C1=C(C)N(C2=CC=C(C=C2)C)C(C)=C1)=O
OSM-S-31,50,,TRAIN,O=C(C1=C(C)N(C2=CC=CC=C2)C(C)=C1)OCC
OSM-S-32,50,,TRAIN,O=C(C1=C(C)N(C2=CC=C(C(F)(F)F)C=C2)C(C)=C1)OCC
OSM-S-35,0.025,INACTIVE,TRAIN,CC1=C(/C=C2S/C(NC\2=O)=N\C3=CC=CC=C3)C=C(C)N1C4=CC=CC=C4
OSM-S-37,0.067,,TRAIN,CC1=C(/C=C2S/C(NC\2=O)=N\C3=CC=CC=C3)C=C(C)N1C4=CC=C(C)C=C4
OSM-S-38,0.078666667,,TRAIN,CC1=CC(/C=C(C(N/2)=O)\SC2=N/C3=CC=CC=C3)=C(C)N1C(C=C4)=CC=C4C(F)(F)F
OSM-S-39,0.034,,TRAIN,CC1=C(/C=C2S/C(NC\2=O)=N\C3=CC=CC=C3)C=C(C)N1C4=CC(C(F)(F)F)=CC(C(F)(F)F)=C4
OSM-S-4,50,INACTIVE,TRAIN,CC(N1C2=CC=C(F)C=C2)=C(C(O)=O)C=C1C
OSM-S-42,50,,TRAIN,CC(N1C2=CC=C(C(F)(F)F)C=C2)=C(/C=C(C(N/3CC#N)=O)\SC3=N/C4=CC=CC=C4)C=C1C
OSM-S-43,50,,TRAIN,CC(N1C2=CC=C(C(F)(F)F)C=C2)=C(/C=C3SC(N(CC#N)C4=CC=CC=C4)=NC\3=O)C=C1C
OSM-S-45,0.015333333,,TRAIN,O=C(N=C(S/1)N(C(C)=O)C2=CC=CC=C2)C1=C\C3=C(C)N(C4=CC=C(C=C4)C(F)(F)F)C(C)=C3
OSM-S-48,0.258333333,,TRAIN,CCOC(C1=CC=C(N2C(C)=CC(/C=C(C(N/3)=O)\SC3=N/C4=CC=CC=C4)=C2C)C=C1)=O
OSM-S-49,0.058666667,,TRAIN,O=C(N=C(S/1)N(C2=CC=CC=C2)C(C)=O)C1=C\C3=C(C)N(C4=CC=CC=C4)C(C)=C3
OSM-S-5,0.515,INACTIVE,TRAIN,FC1=CC=C(N2C(C)=CC(C(OCC(N)=O)=O)=C2C)C=C1
OSM-S-50,0.169,,TRAIN,O=C(N=C(S/1)N(C2=CC=CC=C2)C(C)=O)C1=C\C3=C(C)N(C4=CC=C(C)C=C4)C(C)=C3
OSM-S-51,0.277,INACTIVE,TRAIN,CC1=C(/C=C2S/C(NC\2=O)=N\C3=CC=CC=C3)C=C(C)N1C4=NC=CC=C4
OSM-S-52,0.303666667,,TRAIN,CC(N1C2=CC=C(C(F)(F)F)C=C2)=CC(/C=C(C(N/3C4=CC=CC=C4)=O)\SC3=N/C5=CC=CC=C5)=C1C
OSM-S-54,0.276666667,,TRAIN,CC(N1C2=CC=C(C(F)(F)F)C=C2)=C(/C=C(C(N/3C4CCCC4)=O)\SC3=N/C5=CC=CC=C5)C=C1C
OSM-S-55,50,,TRAIN,O=C(N/C1=N/C2=CC=CC=C2)/C(S1)=C/C3=CC=CC=C3
OSM-S-57,50,,TRAIN,O=C(OCC(N)=O)C1=C(C)N(N=C1)C2=CC=CC=C2
OSM-S-58,50,,TRAIN,FC(C=C1)=CC=C1N2C(C)=C(CNCC(N)=O)C=C2C
OSM-S-59,50,,TRAIN,FC(C=C1)=CC=C1N2C(C)=C(C(N(C)CC(N)=O)=O)C=C2C
OSM-S-6,0.28225,,TRAIN,CC(N1C2=CC=C(F)C=C2)=CC(C(OCC(NC(C3=O)=C(N(N3C4=CC=CC=C4)C)C)=O)=O)=C1C
OSM-S-60,50,,TRAIN,FC(C=C1)=CC=C1N2C(C)=C(CN(C)CC(N)=O)C=C2C
OSM-S-61,50,,TRAIN,FC(C=C1)=CC=C1N2C(C)=C(C(NC(CO)C(OC)=O)=O)C=C2C
OSM-S-62,50,,TRAIN,FC(C=C1)=CC=C1N2C(C)=C(C3=NC(C(OC)=O)=CO3)C=C2C
OSM-S-68,50,,TRAIN,FC(C=C1)=CC=C1N2C(C)=C(C(OC(C)(C)C(N)=O)=O)C=C2C
OSM-S-7,50,,TRAIN,FC1=CC=C(N2C(C)=CC(C(N(C(NC3CCCCC3)=O)C4CCCCC4)=O)=C2C)C=C1
OSM-S-8,50,,TRAIN,FC1=CC=C(N2C(C)=CC(C(NC3=C(C)N(C)N(C4=CC=CC=C4)C3=O)=O)=C2C)C=C1
OSM-S-81,50,,TRAIN,CC1=CC(=C(C)[N]1C2=CC=CC=C2)C(=NCC(N(C)C)=O)O
OSM-S-82,9.4,,TRAIN,CC1=CC(=C(C)[N]1C2=CC=C(C=C2)F)C(=O)OCC(=NC)O
OSM-S-83,50,,TRAIN,CC1=CC(=C(C)[N]1C2=CC=CC=C2)C(N3CCN=C(C3)O)=O
OSM-S-84,50,,TRAIN,CC1=CC(=C(C)[N]1C2=CC=C(C=C2)Br)C(N(C)CC(=NC)O)=O
OSM-S-85,50,,TRAIN,CC1=CC(=C(C)[N]1C2=CC=CC=C2)C3=NN=C(O3)SCC(=NC4=CC(=CC=C4)OC)O
OSM-S-86,50,,TRAIN,CCN(CC(=NC1=C(C=CC=C1F)F)O)C(C2=C(C)[N](C(=C2)C)C3=CC=C(C=C3)F)=O
OSM-S-87,50,,TRAIN,CC1=CC(=CC=C1)[N]2C(=CC(=C2C)C(N(C)CC(N=C3C=C(C)ON3)=O)=O)C
OSM-S-88,14.7,,TRAIN,CC1=CC(=C(C)[N]1C2=CC=C(C=C2)Cl)CNC3CCN(CC3)CC(=NC)O
OSM-S-89,24.7,,TRAIN,CCN=C([C@@H]1C[C@H](CN1CC2=C(C)[N](C(=C2)C)C3=CC=CC=C3Cl)N)O
OSM-S-9,0.04575,,TRAIN,FC1=CC=C(C=C1)N2C(C)=CC(/C=C(SC(N(C3=CC=CC=C3)C(C)=O)=N4)/C4=O)=C2C
OSM-S-90,50,,TRAIN,CCC1=CC=C(C=C1)[N]2C(=CC(=C2C)CN3CCC(CC3)C(=O)O)C
OSM-S-91,11.3,,TRAIN,CC1=CC(=C(C)[N]1C2=CC=C(C=C2)F)C(=O)OCC(N(C)C)=O
OSM-S-92,50,,TRAIN,FC(C=C1)=CC=C1N2C=C(C(OCC(N)=O)=O)C=N2
OSM-S-93,50,,TRAIN,FC(C=C1)=CC=C1N2C(C)=C(C(N(C)C)=O)C=C2C
OSM-S-94,50,,TRAIN,FC(C=C1)=CC=C1N2C(C)=C(CN3CCCC3)C=C2C
OSM-S-95,4.8,,TRAIN,FC(C=C1)=CC=C1N2C(C)=CC(CNC3CCN(CC4=CC=CC=C4)CC3)=C2C
OSM-S-96,50,,TRAIN,FC1=CC=C(N2N=CC(C3=NC(C(OC)=O)=CO3)=C2C)C=C1
OSM-S-97,50,,TRAIN,FC1=CC=C(N2C(C)=CC(C(CCC(O)=O)=O)=C2C)C=C1
OSM-S-98,50,,TRAIN,FC1=CC=C(N2C(C)=CC(C(CCC(N(C)C)=O)=O)=C2C)C=C1
OSM-S-99,50,,TRAIN,FC1=CC=C(N2C(C)=CC(C(OC(C)C(OCC)=O)=O)=C2C)C=C1
OSM-S-194,1.033,,TRAIN,C12=CC=CC=C1C3=C(C4(CCN(CC5=CC=CC=C5)CC4)OCC3)N2
MMV019066,0.14,INACTIVE,TRAIN,COc1ccccc1CNC(=O)CCN2C(=O)Nc3ccsc3C2=O
MMV665941,0.255,INACTIVE,TRAIN,CN(C)c1ccc(cc1)C(O)(c2ccc(cc2)N(C)C)c3ccc(cc3)N(C)C
MMV396680,0.0928,INACTIVE,TRAIN,c1(cc(c2ccc(C)cc2)n3)n3ccnc1SCC(=O)Nc(c(Cl)ccc4C(F)(F)F)c4
MMV666601,0.154,INACTIVE,TRAIN,CCOC(=O)C1=C(N=C2SC(=Cc3cc(C)n(c3C)c4ccc(F)cc4)C(=O)N2C1c5cccc(OC)c5OC)c6ccccc6
MMV008294,0.232,INACTIVE,TRAIN,CCOC(=O)c1cnc2c(C)cc(C)cc2c1Nc3ccc(OC)c(OC)c3
MMV011259,0.0857,INACTIVE,TRAIN,n1(n2)c(nc(C)cc1Nc(cc(C)cc3C)c3)nc2C(F)(F)F
MMV019406,0.142,INACTIVE,TRAIN,CCC1(C)CC(CCNCc2ccccc2O)(CCO1)c3ccc(C)cc3
MMV006278,0.378,INACTIVE,TRAIN,CCC1=C(C)C(=N)c2ccccc2N1C
MMV666688,0.263,INACTIVE,TRAIN,Cc1cc(C=C2SC(=Nc3ccccc3)N(C4CCCC4)C2=O)c(C)n1c5ccc(Cl)cc5
MMV019110,0.4,INACTIVE,TRAIN,Cc1cccc(Nc2nc(N)c3ccccc3n2)c1
MMV006427,0.0782,ACTIVE,TRAIN,COc1cc(OC)c(cc1Cl)N(C)C(=O)c2cc3CS(=O)(=O)c4ccccc4c3s2
MMV666062,0.282,INACTIVE,TRAIN,Cc1ccc(cc1)N2C(=O)C3C(C2=O)C4(C(=O)C3(C(=C4c5ccccc5)c6ccccc6)c7ccccc7)c8ccccc8
MMV020885,0.18,INACTIVE,TRAIN,COc1ccc(Br)cc1C2Nc3ccc4ccccc4c3C5=C2C(=O)CC(C5)c6ccccc6
MMV000570,0.194,INACTIVE,TRAIN,CCc1ccc(Nc2cc(C)c3ccc(O)cc3n2)cc1
MMV020439,0.512,INACTIVE,TRAIN,CCn1c(CN2CCN(Cc3ccccc3)CC2)nc4cc(NC(=O)c5cccs5)ccc14
MMV396672,0.433,INACTIVE,TRAIN,C(F)(F)(F)c(cc1)ccc1C(=O)NCC(N2CCCCCC2)c(ccs3)c3
MMV019871,0.345,INACTIVE,TRAIN,Fc1ccc2[nH]c3c(NCCCN4CCOCC4)ncnc3c2c1
MMV085583,0.237,INACTIVE,TRAIN,CCCCCC(=O)N1C(C2=C(O)CC(CC2=Nc3ccccc13)c4ccc(OC)c(OC)c4)c5ccc(cc5)C(F)(F)F
MMV008416,0.2425,INACTIVE,TRAIN,CCCC1=C(CC)C(=N)c2ccccc2N1C
MMV665874,0.00671,INACTIVE,TRAIN,Cc1cc(Nc2ccc(C)c(Cl)c2)n3nc(nc3n1)C(F)(F)F
MMV006203,0.3,INACTIVE,TRAIN,Cc1cc(NCCN2CCCCC2)c3ccc4ccccc4c3n1
MMV665977,0.205,INACTIVE,TRAIN,CCOC(=O)C1=CN(CC)c2cc(N(C)CCc3ccc(OC)c(OC)c3)c(F)cc2C1=O
MMV020549,0.274,INACTIVE,TRAIN,CC1CCN(Cc2ccc(NC(=O)c3cc4ccc5cccnc5c4[nH]3)cc2)CC1
MMV001246,0.206,INACTIVE,TRAIN,CSc1ccccc1C(=O)Nc2nc(cs2)c3ccccn3
MMV666607,0.142,INACTIVE,TRAIN,[O-][N+](=O)c1ccc(C=NNc2nc3ccccc3[nH]2)cc1
MMV665915,0.448,INACTIVE,TRAIN,COc1ccc(cc1)c2nc(NC(=O)CS(=O)(=O)c3ccc(F)cc3)sc2C
MMV007695,0.179,INACTIVE,TRAIN,COc1ccc(cc1N2C(=O)C3C(C2=O)C4(C(=O)C3(C(=C4c5ccc(C)cc5)c6ccc(C)cc6)c7ccccc7)c8ccccc8)C(=O)C
MMV000448,0.235,INACTIVE,TRAIN,CN(C)CCCNc1c2ccccc2nc3ccccc13
MMV020500,0.0822,INACTIVE,TRAIN,CNCCCNc1ccnc2cc(Cl)ccc12
MMV665878,0.139,ACTIVE,TRAIN,COc1cccc(NC(=O)[C@H](C(C)C)N2C(=O)Nc3ccccc3C2=O)c1
MMV666101,0.148,INACTIVE,TRAIN,COc1ccc(cc1)C2=C(c3ccc(OC)cc3)C4(C5C(C(=O)N(C5=O)c6ccc(C)cc6)C2(C4=O)c7ccccc7)c8ccccc8
MMV666596,0.135,INACTIVE,TRAIN,CSC1=NC(=Nc2c(C)cccc2C)C3(CCC(CC3)C(C)(C)C)N1c4ccc(Cl)cc4
MMV396679,0.0899,INACTIVE,TRAIN,c1(cc(c2ccc(OC)cc2)n3)n3ccnc1SCC(=O)Nc(c(Cl)ccc4C(F)(F)F)c4
MMV396797,0.477,INACTIVE,TRAIN,n1(nc(C)c2c3ccc(OC)c(OC)c3)c2ncc(C#N)c1N
MMV008138,0.35,INACTIVE,TRAIN,c12c(CC(C(O)=O)NC1c3ccc(Cl)cc3Cl)c4c(cccc4)[nH]2
MMV665916,0.0726,INACTIVE,TRAIN,COc1ccccc1CNC(=O)CCN2C(=O)Nc3ccccc3C2=O
MMV020788,0.0226,INACTIVE,TRAIN,Oc1ccccc1CNCC23CC4CC(CC(C4)C2)C3
MMV666691,0.168,INACTIVE,TRAIN,COc1ccc(C=C2SC(=N)N(C2=O)c3ccccc3OC)cc1
MMV665785,0.161,INACTIVE,TRAIN,CC(C)(C)c1ccc(O)c(CNC2CCCCC2)c1
MMV665831,0.205,INACTIVE,TRAIN,CCOC(=O)c1c(NC(=O)c2ccccc2)sc3c(O)c(CN(CC)CC)ccc13
MMV011099,0.242,INACTIVE,TRAIN,n1(ncn2)c2nc(C)cc1Nc(ccc(cccc3)c34)c4
MMV000642,0.0202,ACTIVE,TRAIN,COc1ccc(NC(=O)C2C(N(CC(C)C)C(=O)c3ccccc23)c4cccs4)cc1Cl
MMV666600,0.2155,INACTIVE,TRAIN,CCOC(=O)c1c(C)n(c2ccc(Cl)cc2)c3ccc(OC(=O)C=Cc4ccccc4)cc13
MMV006172,0.1415,INACTIVE,TRAIN,CN1CCN(CC1)c2ccc(Nc3c4ccccc4nc5ccccc35)cc2
MMV006309,0.0515,INACTIVE,TRAIN,CN(C)c1ccc(C=CC2=NC(=O)c3ccccc3O2)cc1
MMV006087,0.0581,INACTIVE,TRAIN,c(c(ccn1)NCCN(CC)CC)(ccc(Cl)c2)c12
MMV020492,0.0255,INACTIVE,TRAIN,CC1CN(CC(C)O1)C(=O)c2sc3ccccc3c2Cl
MMV006455,0.196,INACTIVE,TRAIN,CCCN(CCC)CC(O)COc1ccccc1C(=O)Nc2ccccc2
MMV665782,0.0423,INACTIVE,TRAIN,COc1ccc2nccc(C(O)C3CC4(CCN3CC4)C=C)c2c1
MMV665876,0.259,INACTIVE,TRAIN,CCC(c1ccccc1)c2nn3c(nnc3s2)c4cccs4
MMV666023,0.0368,INACTIVE,TRAIN,C(c1ccccc1)n2c(N=Nc3c(Nc4ccccc4)ccc5ccccc35)nc6ccccc26
MMV009063,0.293,INACTIVE,TRAIN,OC(CNC1CCCCC1)Cn2c3ccccc3c4ccccc24
MMV006558,0.268,INACTIVE,TRAIN,Cc1cc(C)c2CN(Cc3ccccc3Cl)COc2c1
MMV007160,0.0248,INACTIVE,TRAIN,Cc1ccc(cc1)N2C3N(c4ccccc4C2N(c5ccccc35)S(=O)(=O)c6ccc(C)cc6)S(=O)(=O)c7ccc(C)cc7
MMV006429,0.0328,ACTIVE,TRAIN,CC(C)CN1C(C(C(=O)Nc2cc(C)on2)c3ccccc3C1=O)c4cccs4
MMV396703,0.406,INACTIVE,TRAIN,c12c(ncnc1NCCN(CC)CC)c3c(ccc(Cl)c3)[nH]2
MMV006937,0.396,INACTIVE,TRAIN,Cc1ccc(cc1)c2cc3nc4CCCCc4c(O)n3n2
MMV085203,0.0053,INACTIVE,TRAIN,COc1ccccc1N=C2C(=O)c3ccccc3C(=C2N4CCCCC4)O
MMV665820,0.52,INACTIVE,TRAIN,COc1ccc2C(=O)C=C(Oc2c1)C(Cl)(Cl)Cl
MMV665841,0.146,INACTIVE,TRAIN,CCCc1cc(O)c2C3=C(CN(C)CC3)C(=O)Oc2c1
MMV007116,0.351,INACTIVE,TRAIN,c1(cnc(c2c1O)ccc(CC)c2)C(OCC)=O
MMV007384,0.1765,INACTIVE,TRAIN,COc1ccc(cc1)c2nc3cc(Cc4ccc5[nH]c(nc5c4)c6ccc(OC)cc6)ccc3[nH]2
MMV020548,0.361,INACTIVE,TRAIN,CCN1CCN(Cc2ccc(NC(=O)c3cc4ccc5cccnc5c4[nH]3)cc2)CC1
MMV019258,0.17,INACTIVE,TRAIN,COc1ccc(c(OC)c1)n2ccnc2SCC(=O)Nc3cc(C)ccc3C
MMV007686,0.106,INACTIVE,TRAIN,CCCCCCOC(=O)C1=C(C)NC(=O)NC1c2ccccc2F
MMV011256,0.212,INACTIVE,TRAIN,n1(n2)c(nc(C)cc1Nc(cc3)ccc3Cl)nc2C(F)(F)F
MMV666693,0.0238,INACTIVE,TRAIN,COc1cccc(C=CC2=NC(=O)c3ccccc3O2)c1OC
MMV008956,0.37,INACTIVE,TRAIN,CCOc1cc2CCNC(c3cc(OC)c(O)cc3Cl)c2cc1OCC
MMV665827,0.119,INACTIVE,TRAIN,CCOC(=O)C1=CN(CC)c2cc(N3CCCCC3)c(F)cc2C1=O
MMV001038,0.428,INACTIVE,TRAIN,n1c(NCCO)c2c(cccc2)nc1Nc(ccc(C)c3C)c3
MMV007839,0.283,INACTIVE,TRAIN,C1(O)(CC(=O)c(ccc(OC)c2)c2O1)C(F)(F)C(F)(F)F
MMV000662,0.0367,ACTIVE,TRAIN,COc1ccc(NC(=O)C2C(N(CC(C)C)C(=O)c3ccccc23)c4cccs4)cc1
MMV396678,0.218,INACTIVE,TRAIN,c1(cc(c2ccccc2)n3)n3ccnc1SCC(=O)Nc(c(Cl)ccc4C(F)(F)F)c4
MMV006861,0.251,INACTIVE,TRAIN,C1CN(CCO1)c2ccc(Nc3ccnc4cc5ccccc5cc34)cc2
MMV006457,0.118,INACTIVE,TRAIN,CCOC(=O)c1ccc2nc(cc(O)c2c1)c3ccccc3
MMV396693,0.296,INACTIVE,TRAIN,[n+]1(C)c2c(cccc2)nc(ccc(NCCO)c3)c13
MMV011567,0.516,ACTIVE,TRAIN,COc1ccc(cc1Cl)C(=O)Nc2nonc2c3ccc(OC)c(OC)c3
MMV007907,0.35,INACTIVE,TRAIN,Cc1ccc(Nc2nc(cs2)c3ccccn3)cc1
MMV665805,0.117,ACTIVE,TRAIN,CCOc1ccc(cc1OCC)c2nonc2NC(=O)c3cccc(C)c3
MMV666021,0.0944,INACTIVE,TRAIN,Cc1ccc(cc1)c2cc3C(=O)c4ccccc4c3nn2
MMV665800,1.37,ACTIVE,TRAIN,CCOc1cc(Cl)c(cc1OCC)C(C)NC(=O)c2ccccc2
MMV000634,0.648,INACTIVE,TRAIN,CC1CCCCN1CCCNC(=O)c2ccc3c(c2)sc4nc(cn34)c5ccc(F)cc5
MMV666103,1,INACTIVE,TRAIN,CCN1C(=Nc2ccccc2C1=O)SCC(=O)Nc3cc(ccc3Cl)C(F)(F)F
MMV666057,0.610735136,INACTIVE,TRAIN,Clc1ccc(C(=O)Nc2ccc(Cl)cc2C(=O)Nc3ccncc3)c(Cl)c1
MMV007564,0.947,INACTIVE,TRAIN,Cc1ccc(Cn2c(nc3ccccc23)N4CCC(CC4)C(=O)NCc5cccs5)cc1
MMV001255,0.538,INACTIVE,TRAIN,CCCCc1ccc(NS(=O)(=O)c2cc3CCN4C(=O)CCc(c2)c34)cc1
MMV665917,2.063,INACTIVE,TRAIN,Clc1ccc(NC(=O)N2CCN(CC2)c3ccc4nncn4n3)cc1
MMV000563,0.845,INACTIVE,TRAIN,COc1ccc(cc1)C2Sc3ccccc3N=C4C2=C(O)c5ccccc45
MMV665850,0.921,INACTIVE,TRAIN,Oc1ccc(Cl)cc1CNc2nc3ccccc3[nH]2
MMV665817,4.4176,INACTIVE,TRAIN,CC(C)(C)CC(C)(C)NCC(O)COc1ccc2CCCc2c1
MMV665979,0.685,INACTIVE,TRAIN,FC(F)(F)c1cccc(CNC2CCN(CCc3ccccc3)CC2)c1
MMV665928,0.642,INACTIVE,TRAIN,CCC(C)NCC(O)(c1ccc(Cl)cc1)c2ccc(Cl)cc2
MMV666105,1.19,INACTIVE,TRAIN,COCCN(C(C(=O)NCc1ccc(OC)cc1)c2ccc(cc2)C(C)C)C(=O)Cc3cccs3
MMV666072,1.488291423,INACTIVE,TRAIN,COCCNC(=O)c1ccc(OC2CCN(Cc3ccc(F)c(F)c3)CC2)c(Cl)c1
MMV000653,1.32,ACTIVE,TRAIN,CCOc1ccccc1CNC(=O)C2C(N(CC(C)C)C(=O)c3ccccc23)c4cccs4
MMV000620,0.9157,INACTIVE,TRAIN,CC(O)(C(CN1CCCCC1)c2ccccc2)c3ccc(Cl)cc3
MMV665909,1.36,INACTIVE,TRAIN,Brc1ccccc1C(=O)Nc2nc(cs2)c3ccccn3
MMV665940,0.56,INACTIVE,TRAIN,CCOc1ccc(C=CC2=NC(=O)c3ccccc3O2)cc1
MMV665891,1.07,INACTIVE,TRAIN,c1ccc(cc1)c2ccc(cc2)c3nc4ccccc4[nH]3
MMV665899,1.019766606,INACTIVE,TRAIN,Fc1ccccc1C(=O)N(Cc2ccc(Cl)cc2)c3ccccn3
MMV665961,15,INACTIVE,TRAIN,CCN(CC)CCCNc1nc(nc2ccccc12)c3ccc(Cl)cc3
MMV665929,0.843,INACTIVE,TRAIN,CCCCNCC(O)(c1ccc(Cl)cc1)c2ccc(Cl)cc2
MMV666108,1.14,INACTIVE,TRAIN,Clc1ccc(cc1)C2(CN3CCC(CC3)NC(=O)CCc4occc4)CCC2
MMV665948,2.4589,INACTIVE,TRAIN,Oc1ccccc1NC(=O)c2oc(cc2)c3ccc(Cl)cc3Cl
MMV006188,0.8905,INACTIVE,TRAIN,Clc1ccc(cc1)S(=O)(=O)N2CCC(CC2)C(=O)NCc3occc3
MMV001230,3.0426,INACTIVE,TRAIN,CCOc1cccc2sc(nc12)N(Cc3cccnc3)C(=O)C4CCCCC4
MMV665918,2.107,ACTIVE,TRAIN,Fc1cccc(c1)c2nnc3ccc(SCC(=O)Nc4ccc5OCOc5c4)nn23
MMV665799,0.822437414,INACTIVE,TRAIN,COc1ccc(cc1)C(=O)Nc2ccc(Cl)cc2C(=O)Nc3ccncc3
MMV665826,1.09,ACTIVE,TRAIN,COc1cccc(NC(=O)Cn2c(C)c(C#N)c3ccccc23)c1
MMV665807,0.9733,INACTIVE,TRAIN,Oc1ccc(Cl)cc1C(=O)Nc2cccc(c2)C(F)(F)F
MMV665946,1.16,INACTIVE,TRAIN,CC(=CCN1CCC(CC1)C(=O)Nc2ccc(cc2)c3nc4ccccc4[nH]3)C
MMV665935,4.206108609,INACTIVE,TRAIN,FC(F)(F)c1ccc(Nc2nnnc3ccccc23)cc1
MMV666102,0.239309041,INACTIVE,TRAIN,CN(C)c1ccc(cc1)c2nc3cc(N)ccc3[nH]2
MMV666061,0.53,INACTIVE,TRAIN,COc1cccc(O)c1CN2CCC3(CCCN(Cc4ccc(F)cc4)C3)C2
MMV008149,0.0782,INACTIVE,TRAIN,Cc1c(C)n(Cc2ccc(F)cc2)c3ccc(cc13)C(=O)NCc4occc4
MMV019074,1.86,INACTIVE,TRAIN,CCN1CCN(CC1)c2cc(C)c3cc(NC(=O)c4ccc(OC)c(OC)c4)ccc3n2
MMV665914,15,INACTIVE,TRAIN,COc1ccccc1N2CCN(CC2)C(CNS(=O)(=O)c3ccc(Cl)cc3)c4cccnc4
MMV665798,0.801927711,INACTIVE,TRAIN,FC(F)(F)c1cccc(Nc2nc(nc3ncccc23)c4ccccc4)c1
MMV665902,0.893,INACTIVE,TRAIN,OC(CN1C(=N)N(CCN2CCCCC2)c3ccccc13)c4cccc(Br)c4
MMV665888,0.798516352,INACTIVE,TRAIN,Oc1ccccc1NC(=O)c2ccc(Oc3cccc(c3)C(=O)Nc4ccccc4O)cc2
MMV666067,0.663,INACTIVE,TRAIN,COc1ccc(CNC2CCN(CC2)c3ccc(NC(=O)c4cccc(Cl)c4)cc3)cc1OC
MMV665939,1.212805539,INACTIVE,TRAIN,Fc1ccc(cc1)C(=O)Nc2ccsc2C(=O)NC3CCCCC3
MMV009060,0.414,INACTIVE,TRAIN,CCN(CC)c1ccc(NC(=O)c2cccs2)cc1
MMV666110,1.75,INACTIVE,TRAIN,CC(CCC(=C)C)N1CCC(CC1)N2CCC(CC2)C(=O)NCCc3ccccc3
MMV019758,0.993556306,INACTIVE,TRAIN,COc1ccc(cc1OC)C(=O)Nc2ccc3nc(cc(C)c3c2)N4CCCCC4
MMV000498,4.7744,INACTIVE,TRAIN,CCN(CC)c1cc(C)c2cc(NC(=O)c3cccc(OC)c3)ccc2n1
MMV665913,15,INACTIVE,TRAIN,CCOc1ccc(cc1)c2nc(NC(=O)c3cccc(c3)S(=O)(=O)C)sc2C
MMV665789,0.603,INACTIVE,TRAIN,CC(NCc1ccccc1)c2cc(Cl)ccc2O
MMV665901,1.36,INACTIVE,TRAIN,Brc1ccc(cc1)c2oc(cc2)C(=O)Nc3ccc(CN4CCOCC4)cc3
MMV666069,1.43,INACTIVE,TRAIN,COc1ccc(CCN2CCC(CN(C)Cc3cnn(c3)c4ccccc4)CC2)cc1
MMV666080,1.17,INACTIVE,TRAIN,Oc1c(ccc2cccnc12)C(NC(=O)c3ccccc3)c4ccccc4
MMV666081,0.63,INACTIVE,TRAIN,CCCc1c(C)nc2ccccc2c1O
MMV666009,0.994,INACTIVE,TRAIN,CN1C(N(C)c2ccccc12)c3ccc4OCOc4c3
MMV019313,0.669,INACTIVE,TRAIN,CN1C(=O)c2cc(sc2c3ccccc13)C(=O)NCCCN4CCCCCC4
MMV019746,1.33,INACTIVE,TRAIN,Cc1ccc(Cl)cc1N2CCN(CCCNC(=O)C3CCN(CC3)c4nc5ccccc5[nH]4)CC2
MMV019064,1.3,INACTIVE,TRAIN,COc1cccc(c1)c2nn(C)c3sc(cc23)C(=O)NCCN4CCN(CC4)c5ccccc5F
MMV011944,0.854,INACTIVE,TRAIN,n1c(NCCO)c2c(cccc2)nc1Nc3cccc(OC)c3
MMV665803,0.728,ACTIVE,TRAIN,CCOc1cc(Cl)c(cc1OCC)C(C)NC(=O)c2cccc(OC)c2
MMV665857,1.654,INACTIVE,TRAIN,CCOc1c(Cl)cc(CNC(C)C(O)c2ccccc2)cc1OC
MMV666071,1.424964675,INACTIVE,TRAIN,Cc1oc(CN2CCC(CC2)C(=O)Nc3ccc(cc3)c4cc5ccccc5[nH]4)cc1
MMV019780,0.697,INACTIVE,TRAIN,Cc1cc(C)c2nc(sc2c1)N3CCC(CC3)C(=O)NCCCN4CCC(CC4)N5CCCCC5
MMV666093,1.333,INACTIVE,TRAIN,CCCC(N1CCN(CC1)C(=O)c2occc2)c3nnnn3C4CCCCC4
MMV665953,2.06,INACTIVE,TRAIN,Fc1ccc(NC(=O)Nc2ccc(Cl)c(Cl)c2)cc1Cl
MMV000648,3.1587,ACTIVE,TRAIN,COc1ccccc1CNC(=O)C2C(N(CC(C)C)C(=O)c3ccccc23)c4cccs4
MMV019662,1.11,INACTIVE,TRAIN,COc1ccc(cc1)N2CCN(CC2)C(CNC(=O)C3CCCCC3)c4ccc5OCOc5c4
MMV007571,0.635,INACTIVE,TRAIN,Cc1ccc(CSCc2oc(cc2)C(=O)NC3CC3)cc1
MMV007617,1.79,ACTIVE,TRAIN,CC(C)c1ccc(Cn2c(CCNC(=O)C)nc3ccccc23)cc1
MMV665796,1.43,ACTIVE,TRAIN,CCOc1cc(Br)c(cc1OCC)C(C)NC(=O)c2cccc(OC)c2
MMV665906,0.535,INACTIVE,TRAIN,Cc1ccc(c(O)c1)c2cc([nH]n2)C(=O)Nc3ccc(cc3)S(=O)(=O)N4CCCCC4
MMV665954,1.72,INACTIVE,TRAIN,O=C(NCC1Cc2cccc(c2O1)c3ccncc3)c4csc5CCCCc45
MMV019738,0.771,INACTIVE,TRAIN,Cc1[nH]c(cc1C(=O)NC2CCN(Cc3ccccc3)CC2)c4ccc(F)cc4
MMV666075,15,INACTIVE,TRAIN,COc1ccc(cc1)C2N(C)c3ccccc3N2C
MMV666070,1.326938908,INACTIVE,TRAIN,FC(F)(F)c1cccc(CNC2CCN(CC2)c3ccc(cc3)C(=O)NC4CCCC4)c1
MMV142383,15,INACTIVE,TRAIN,CC(C)(C)c1ccc(cc1)C(=O)Nc2nc3ccccc3s2
MMV000788,0.697,INACTIVE,TRAIN,CC(C)OCc1cc(CN2CCN(CC2)c3cccc(Cl)c3)c(O)c4ncccc14
MMV000561,1.43,INACTIVE,TRAIN,CCCN(CCC)CCCNC(=O)c1cc2c(nn(C)c2s1)c3ccc(OC)c(OC)c3
MMV000248,0.7185,INACTIVE,TRAIN,CCN(CC)CCN1C(=N)N(CC(O)c2ccc(Cl)c(Cl)c2)c3ccccc13
MMV665879,0.281735117,INACTIVE,TRAIN,CC(C)(C)C(=O)Nc1ccc(cc1)C(=O)Nc2cccc(c2)c3nc4ccccc4[nH]3
MMV665890,0.806394498,ACTIVE,TRAIN,COc1ccc(cc1OC)c2nonc2NC(=O)c3cccc(C)c3
MMV666116,0.548,INACTIVE,TRAIN,Oc1ccccc1CN2CCC3(CCCN(Cc4ccccc4F)C3)C2
MMV006913,1.29,INACTIVE,TRAIN,Cc1nc2ccccc2c(O)c1CC=C
MMV008127,4,INACTIVE,TRAIN,CN1CCN(CC1)c2c3CCCc3c(C#N)c4nc5ccccc5n24
MMV403679,0.929,INACTIVE,TRAIN,c1(c(cnn1c2cccc(C)c2)C(=O)N3)N=C3n4nc(C)cc4NC(=O)c5cc(cccc6)c6o5
MMV006545,0.707,INACTIVE,TRAIN,c12c(ncnc1NCCN(CC)CC)c3c(ccc(Br)c3)[nH]2
MMV019700,0.735,INACTIVE,TRAIN,Clc1cc(NC(=O)c2oc(Br)cc2)ccc1N3CCCCC3
MMV019670,1.075,INACTIVE,TRAIN,O=C(Nc1ccc(cc1)N2CCN(Cc3ccccc3)CC2)c4cccs4
MMV001344,0.7555,INACTIVE,TRAIN,CC1CC(C)CN(C1)C(=O)c2ccc(Cl)cc2Cl
MMV011795,0.611,INACTIVE,TRAIN,Oc1ccccc1CN2CCN(CC2)C(c3ccccc3)c4ccccc4
MMV019124,1.0895,INACTIVE,TRAIN,COc1cc(OC)cc(c1)C(=O)Nc2ccc(cc2)c3nc4ccccc4[nH]3
MMV006767,0.927,INACTIVE,TRAIN,COc1cc2cc(C(=O)Nc3ccccc3)c(N)nc2cc1OC
MMV007808,1.14,INACTIVE,TRAIN,COc1nc(Nc2ccc(cc2)C(C)C)nc(OC)n1
MMV019017,1.01,INACTIVE,TRAIN,n(CC(CNCCOC)O)(c1c2cc(Cl)cc1)c3c2cc(Cl)cc3
MMV396681,0.959,INACTIVE,TRAIN,n1(nc(C)cc1NC(=O)c(cccc2C(F)(F)F)c2)c3scc(c(ccc(OCO4)c45)c5)n3
MMV006587,0.7,INACTIVE,TRAIN,c12c(ncnc1NCCCN(CC3)CCO3)c4c(ccc(Cl)c4)[nH]2
MMV019202,1.007042265,INACTIVE,TRAIN,CCOc1cccc(c1)C(=O)Nc2ccc(cc2)c3nc4ccccc4[nH]3
MMV000848,0.66,INACTIVE,TRAIN,OC(CNC1CCCC1)Cn2c3ccccc3c4ccccc24
MMV020275,1.02,INACTIVE,TRAIN,Clc1ccc2nc(cc(C(=O)NC3CCN(Cc4ccccc4)CC3)c2c1)c5ccncc5
MMV019918,0.8005,INACTIVE,TRAIN,Clc1cc(Br)ccc1c2oc(CNCC3CCNCC3)cc2
MMV075490,0.941,INACTIVE,TRAIN,CCOc1ccc(cc1)C2N(C)c3ccccc3N2C
MMV396633,1.24,INACTIVE,TRAIN,c1(OCC)c(OCC)cc(cc1Cl)CN([H])C(C)C(O)c2ccccc2
MMV007374,4,INACTIVE,TRAIN,CCc1ccc(Nc2cc(C)nc3nc(C)nn23)cc1
MMV396719,1.15,ACTIVE,TRAIN,n1(c2c(cccc2)n3)c3c4c(cccc4)NC1(C)c5cccc(OC)c5
MMV396744,0.832,INACTIVE,TRAIN,n1(CCc2ccccc2F)c3c(nc4c(cccc4)n3)c(C(=O)NCC(C)C)c1N
MMV006706,0.683,INACTIVE,TRAIN,n1(c2c(cccc2)n3)c3c(C#N)c(C)cc1N(CC4)CCN4C5CCCC5
MMV009108,0.641,INACTIVE,TRAIN,CCN(CC)S(=O)(=O)c1ccc(cc1)c2csc(Nc3ccc(C)c(C)c3)n2
MMV020700,0.871,INACTIVE,TRAIN,CC(=O)Nc1nnc(SCc2c(C)cc(cc2C)C(C)(C)C)s1
MMV007906,3.161,INACTIVE,TRAIN,CCCCOc1ccc(cc1)C(=O)Nc2cc(C)on2
MMV008270,1.927,INACTIVE,TRAIN,Oc1c2CCCCc2nc3cc(nn13)c4ccccc4
MMV019127,0.625,INACTIVE,TRAIN,CCN(Cc1ccccc1)C2CCN(Cc3cc(Br)ccc3O)CC2
MMV396794,1.16,INACTIVE,TRAIN,c1(Cl)c(ccc(Cl)c1)OCC(O)CNC(C)(C)CC(C)(C)C
MMV396736,1.06,INACTIVE,TRAIN,n(CC(CNCC1CCCO1)O)(c2c3cc(Cl)cc2)c4c3cc(Cl)cc4
MMV306025,0.693,INACTIVE,TRAIN,C1(=NC(N(C)C2=O)=O)C2=NC(=NN1CC)c3ccc(C(=O)OC)cc3
MMV056726,4,INACTIVE,TRAIN,COc1cc(SC)ccc1C(=O)N2CCCC(C)C2
MMV274073,0.686,INACTIVE,TRAIN,c1(cc(C)nc(ccc(OC)c2)c12)Nc3ccccc3O
MMV018984,0.693,INACTIVE,TRAIN,Cc1onc(NC(=O)c2ccc(cc2)c3ccccc3)c1
MMV000911,15,INACTIVE,TRAIN,Cc1ccc(NC(=O)Nc2cccc(Cl)c2)cc1F
MMV007430,0.939,INACTIVE,TRAIN,Brc1ccc(cc1)S(=O)(=O)N2CCC(CC2)C(=O)NCc3occc3
MMV007977,0.995,INACTIVE,TRAIN,Clc1ccc(C=CC2=NC(=O)c3ccccc3O2)cc1
MMV020654,0.6405,INACTIVE,TRAIN,CCC(O)c1ccc(Br)cc1NC(=O)c2cccc(Cl)c2
MMV665883,0.745,INACTIVE,TRAIN,O=C(Nc1cccc(c1)C(=O)Nc2cccc(c2)c3nc4ccccc4[nH]3)c5occc5
MMV084940,1.04,INACTIVE,TRAIN,C1(=NC(C)(Cc(cc(OC)c(OC)c2)c23)C)C3=NNC1=O
MMV396715,1.73,ACTIVE,TRAIN,n1(c2c(cccc2)n3)c3c4c(cccc4)NC1(C)c5ccccc5
MMV000963,0.589,INACTIVE,TRAIN,n1c(NCc2ccccc2)c3c(cccc3)nc1Nc(cc4)ccc4OC
MMV006319,0.662,INACTIVE,TRAIN,Cc1cc(Nc2cccc(F)c2)nc(NCc3ccccc3)n1
MMV000972,2.5741,INACTIVE,TRAIN,OC1(CC(=O)c2ccccc2O1)C(F)(F)C(F)(F)F
MMV020490,1.01,INACTIVE,TRAIN,Clc1ccc2nc(cc(C(=O)NC3CCN(Cc4ccccc4)CC3)c2c1)c5cccnc5
MMV001318,15,INACTIVE,TRAIN,Clc1cccc(NC(=O)Nc2ccc(Br)cc2)c1
MMV007978,0.89,INACTIVE,TRAIN,CCOc1ccc(CCNC(=O)c2cccs2)cc1OCC
MMV020660,0.875822342,ACTIVE,TRAIN,COc1ccc(cc1OC)c2nonc2NC(=O)c3cccc(Cl)c3
MMV665904,1.455710512,INACTIVE,TRAIN,COCCN1C(=Nc2ccccc2C1=O)C
MMV396632,1.05,INACTIVE,TRAIN,c1(OCC)c(OC)cc(cc1Cl)CN([H])CC(O)c2ccccc2
MMV007875,2,INACTIVE,TRAIN,COc1ccc2nc(C)cc(Nc3ccc(Cl)cc3)c2c1
MMV006820,4,INACTIVE,TRAIN,CCCCc1c(C)nc2c(OC)cccc2c1O
MMV396749,0.928,ACTIVE,TRAIN,C12(Nc(cccc3)c3c4n1c5c(cccc5)n4)C(=O)Nc(ccc(OC)c6)c26
MMV011576,1.175,INACTIVE,TRAIN,CCOC(=O)C1CCN(CC1)C(=O)CN2C(c3ccccc3C2=O)c4c[nH]c5ccccc45
MMV020651,1.945,INACTIVE,TRAIN,Clc1ccc(Cl)c(c1)c2oc(cc2)C(=O)Nc3ccc(CN4CCOCC4)cc3
MMV000483,0.683,INACTIVE,TRAIN,CCOc1cc2CCNC(c3cc(C)c(O)c(C)c3)c2cc1OCC
MMV019266,0.6145,INACTIVE,TRAIN,Cc1sc2ncnc(Sc3nc4ccccc4[nH]3)c2c1C
MMV001049,1.26,INACTIVE,TRAIN,CC(C)c1ccc(CNCC(O)c2ccccc2)cc1
MMV665806,0.769,INACTIVE,TRAIN,CC1CCCCC1NCC(O)Cn2c(C)c(C)c3ccccc23
MMV667487,0.045795,INACTIVE,TRAIN,CN(C)c1ccc(cc1)N2C(=NC(=NC2(C)C)N)N
MMV000356,1.03,INACTIVE,TRAIN,c1(cc(Br)ccc1O)CN(CC2)CCN2Cc3cccc(F)c3
MMV396705,1.39,INACTIVE,TRAIN,c12c(C(=O)N(C)C(=O)N1C)n(Cc3cccc(OC)c3)c(Oc4ccccc4)n2
MMV006704,4,INACTIVE,TRAIN,CN(C)CCNc1cc(nc2ccccc12)c3ccccc3
MMV000760,3.7605,INACTIVE,TRAIN,Oc1c(CN2CCN(CC2)c3ccccc3F)cc(Br)c4cccnc14
MMV007881,1.425,INACTIVE,TRAIN,CCCCN(CCCC)S(=O)(=O)c1ccc(NC(=O)c2occc2)cc1
MMV008212,0.969,INACTIVE,TRAIN,COc1ccc2nc(C)cc(Nc3cccc(O)c3)c2c1
MMV007363,0.944,INACTIVE,TRAIN,Clc1ccc2c(ccnc2c1)N3CCCC3
MMV007791,5.46,INACTIVE,TRAIN,CCOc1ccccc1NC(=O)CN2CCN(CC2)C(=O)c3occc3
MMV665843,0.628,INACTIVE,TRAIN,Oc1c2CCCCc2nc3ccccc13
MMV396595,1.01,INACTIVE,TRAIN,n12c(cc(C(C)(C)C)n1)nc(CCN3Cc4ccccc4OCC)c(C3)c2O
MMV396669,1.07,INACTIVE,TRAIN,n1c(cc(C)nc1Nc(cc2)ccc2NC(CCc3ccccc3)=O)N4CCCC4
MMV396704,1.19,INACTIVE,TRAIN,c12c(ncnc1N(CC3)CCN3C)c4c(ccc(Cl)c4)[nH]2
MMV019762,0.801806303,INACTIVE,TRAIN,COc1cccc(c1)C(=O)Nc2ccc(cc2)c3nc4ccccc4[nH]3
MMV020505,0.8755,INACTIVE,TRAIN,CN(C)CCCNCc1oc(cc1)c2ccc(F)c(Cl)c2
MMV020942,0.909722017,INACTIVE,TRAIN,CCC(=O)Nc1nnc(Cc2ccc(OC)c(OC)c2)s1
MMV000839,1.08,INACTIVE,TRAIN,OC(CNCc1ccccc1)Cn2c3ccccc3c4ccccc24
MMV666599,1.051940014,INACTIVE,TRAIN,Brc1ccc(C=CC2=NC(=O)c3ccccc3O2)cc1
MMV000481,1.33,INACTIVE,TRAIN,CCOc1cc(cc(Cl)c1O)C2NCCc3cc(OCC)c(OCC)cc23
MMV665897,0.926836704,INACTIVE,TRAIN,COc1ccc2nc(N)nc(C)c2c1
MMV665908,4.2758,INACTIVE,TRAIN,COc1ccc(cc1)N2CCN(CC2)C(CNC(=O)CC(C)(C)C)c3ccc4OCOc4c3
MMV665924,1.06,INACTIVE,TRAIN,COc1ccc(cc1)C(=O)C2CC2c3ccc(Cl)cc3
MMV665944,1.08,INACTIVE,TRAIN,COc1ccc(CN2CCN(Cc3ccccc3)CC2)c(O)c1
MMV666054,0.513,INACTIVE,TRAIN,COc1ccc(cc1)C(=O)NC(c2ccc(Cl)cc2Cl)c3cc(Cl)c4cccnc4c3O
MMV008474,3.022,INACTIVE,TRAIN,CCN1CCN(CC1)c2c(cnc3cc(OC)c(OC)cc23)C(=O)c4ccccc4
MMV000445,1.135,INACTIVE,TRAIN,CCCCCCN1C(=N)N(CC(O)COc2cccc(C)c2)c3ccccc13
MMV006882,1.19,INACTIVE,TRAIN,CCOC(=O)c1cnc2ccc(Cl)cc2c1NCCCN(C)C
MMV007127,0.567,INACTIVE,TRAIN,OC1=C2C(Sc3ccccc3N=C2c4ccccc14)c5ccc(Br)cc5
MMV666123,15,INACTIVE,TRAIN,CC(C)(C)c1ccc(cc1)C(=O)Nc2c3CSCc3nn2c4cccc(Cl)c4
MMV006389,0.4145,INACTIVE,TRAIN,Fc1cccc(c1)C2Sc3ccccc3N=C4C2C(=O)c5ccccc45
MMV665949,2.4733,ACTIVE,TRAIN,Oc1ccc(cc1)C(=C(Cl)Cl)c2ccc(O)cc2
MMV665934,1.07,INACTIVE,TRAIN,Brc1ccc(cc1)c2cc3C(=O)c4ccccc4c3nn2
MMV665994,0.8355,INACTIVE,TRAIN,Cc1nc2ccccc2c(O)c1CC=C(Cl)Cl
MMV665980,0.2108,INACTIVE,TRAIN,OC1CCCCC1C2(CCCCC2)NC(=S)Nc3ccccc3
MMV007577,1.12,INACTIVE,TRAIN,Cc1ccccc1OCCSc2nc3ccc(NC(=O)c4ccccc4)cc3s2
MMV019995,0.563,INACTIVE,TRAIN,Brc1ccc2OCC(=Cc2c1)C(=O)NCCCN3CCC(CC3)N4CCCCC4
MMV007208,0.912,INACTIVE,TRAIN,COc1ccc(OC)c(c1)C2C3=C(CC(C)(C)CC3=O)N(C4=C2C(=O)CC(C)(C)C4)c5ccc(Cl)c(Cl)c5
MMV000442,0.362,INACTIVE,TRAIN,CC(C)(C)c1ccc2OCN(Cc3ccc(Cl)cc3)Cc2c1
MMV666124,1.12564745,ACTIVE,TRAIN,CC(=O)c1ccc(NC(=O)CSc2nc(ns2)c3ccccc3Cl)cc1
MMV000444,2.6504,INACTIVE,TRAIN,CCCCCN1C(=N)N(CC(O)COc2cccc(C)c2)c3ccccc13
MMV666109,2.2902,INACTIVE,TRAIN,CCOC(=O)C1(Cc2ccccc2)CCN(Cc3cccc(OC)c3O)CC1
MMV665936,8.4,INACTIVE,TRAIN,Cc1ccc(cc1)S(=O)(=O)c2c(COC(=O)c3cccc(C)c3)c(nn2C)c4ccccc4
MMV666020,1.969,INACTIVE,TRAIN,Cc1ccc(OCCCCCCNCCO)c(C)c1
MMV665971,0.489,INACTIVE,TRAIN,CCOC(=O)C1=C(C)N=C2SC(=Cc3cc(Cl)ccc3O)C(=O)N2C1c4ccc(OC)cc4
MMV001241,15,INACTIVE,TRAIN,COc1ccc(C)c2sc(nc12)N(Cc3cccnc3)C(=O)c4ccc(cc4)C#N
MMV000720,1.015,INACTIVE,TRAIN,Cc1ccnc(NC(c2cccc(OCc3ccccc3)c2)c4ccc5cccnc5c4O)c1
MMV000619,1.38,INACTIVE,TRAIN,CCCCC(O)(C(CN1CCOCC1)c2ccc(Cl)cc2)c3ccc(Cl)cc3
MMV006753,0.441,INACTIVE,TRAIN,CC1=CC(=O)Oc2c1ccc3oc(C(=O)c4ccccc4)c(C)c23
MMV006787,0.473,INACTIVE,TRAIN,CC(C)CCNCC(O)Cn1c2ccccc2c3ccccc13
MMV665794,0.313,INACTIVE,TRAIN,FC(F)(F)c1cccc(Nc2nc3ccccc3nc2Nc4cccc(c4)C(F)(F)F)c1
MMV000917,1.24,ACTIVE,TRAIN,COc1ccc2C3CC(=Nc4ccccc4N3C(=O)c2c1OC)c5ccc(C)cc5
MMV666125,0.381,INACTIVE,TRAIN,CC1=C(CC(=O)c2cccc(c2)[N+](=O)[O-])C(=O)c3ccccc3C1=O
MMV665987,0.534,INACTIVE,TRAIN,CCCCCCc1cc(O)c2C3=C(CCC(C)C3)C(=O)Oc2c1
MMV007574,0.826,INACTIVE,TRAIN,O=C(Nc1ccc(cc1)C23CC4CC(CC(C4)(C2)c5ccccc5)C3)c6cccs6
MMV000326,1.17,INACTIVE,TRAIN,Cc1ccc2nc(C)cc(Nc3cccc(c3)C(F)(F)F)c2c1
MMV000604,0.735,INACTIVE,TRAIN,COc1ccc(cc1)C2=CC(=O)Oc3c4CN(Cc5ccc(F)cc5)COc4ccc23
MMV007557,0.632,INACTIVE,TRAIN,COc1ccc(CCNC(=O)c2cc(ccc2Sc3ccc(F)cc3)S(=O)(=O)N4CC(C)CC(C)C4)cc1OC
MMV000699,0.454,INACTIVE,TRAIN,Cc1ccc(cc1)C2CC(n3nc(cc3N2)C(=O)N4CCN(CC4)C(c5ccccc5)c6ccccc6)C(F)(F)F
MMV009127,1.132,INACTIVE,TRAIN,CC1CCN(Cc2c(O)ccc3C=C(C(=O)Oc23)c4nc5ccccc5s4)CC1
MMV665786,0.846,INACTIVE,TRAIN,Clc1ccc2OC(=O)C=C(NC3CCN(CCCc4ccccc4)CC3)c2c1
MMV006250,0.314,INACTIVE,TRAIN,CCOC(=O)c1cnc2c(C)cccc2c1Nc3ccc(cc3)C(=O)C
MMV666079,1.31,INACTIVE,TRAIN,Cc1ccc2cc3c(N)c4c(C)ccc(C)c4nc3nc2c1
MMV665969,0.393,INACTIVE,TRAIN,COc1cccc(c1)C(=O)NC(c2ccc(C)cc2)c3cc(Cl)c4cccnc4c3O
MMV000304,1.06,INACTIVE,TRAIN,CCOc1ccc(Nc2c3ccccc3nc4ccccc24)cc1
MMV000443,0.439,INACTIVE,TRAIN,CCOc1ccc2OCN(Cc3ccc(Cl)cc3)Cc2c1
MMV666604,1.51,INACTIVE,TRAIN,CCOC(=O)C1=C(C)N=C2SC(=Cc3ccccc3O)C(=O)N2C1c4ccc(OC)c5ccccc45
MMV008455,1.18,ACTIVE,TRAIN,COc1ccc(cc1)C2C(C(=O)Nc3cccc(OC)c3)c4ccccc4C(=O)N2C5CCCCC5
MMV007199,0.4775,INACTIVE,TRAIN,COc1ccccc1N2C(=N)SC(=Cc3ccc(OCc4ccccc4F)cc3)C2=O
MMV085471,1.705,INACTIVE,TRAIN,CCOc1ccc(cc1)n2cc(c3ccccc3)c4c(SCc5cc(C)ccc5C)ncnc24
MMV665797,0.584,INACTIVE,TRAIN,CCCCOC(=O)c1ccc(Nc2cc(C)nc3ccc(OC)cc23)cc1
MMV006513,0.304,INACTIVE,TRAIN,C(Cc1c[nH]c2ccccc12)Nc3c4ccccc4nc5ccccc35
MMV666095,1.19,INACTIVE,TRAIN,CCCc1c(C)nc2ccc(Br)cc2c1O
MMV665943,1.42,INACTIVE,TRAIN,Nc1ccc(cc1)c2nc3cc(Cc4ccc5[nH]c(nc5c4)c6ccc(N)cc6)ccc3[nH]2
MMV019555,0.376,INACTIVE,TRAIN,C(CCCNc1c2CCCCc2nc3ccccc13)CCNc4c5CCCCc5nc6ccccc46
MMV019741,1.33,INACTIVE,TRAIN,Cc1ccc(C)c(Cn2c(nc3ccccc23)N4CCC(CC4)C(=O)NCc5cccs5)c1
MMV019690,0.9345,INACTIVE,TRAIN,COc1ccc(cc1CN2CCN(CC2)c3ccc(F)cc3)C4NCCc5c4[nH]c6ccccc56
MMV000621,3.1801,INACTIVE,TRAIN,CCCCCCC(O)(C(CN1CCOCC1)c2ccccc2)c3ccc(F)cc3
MMV008173,1.43,INACTIVE,TRAIN,COc1cc(OC)cc(c1)N2C(=O)N(Cc3ccc(cc3)C(C)(C)C)c4ccccc4S2(=O)=O
MMV019241,0.45,INACTIVE,TRAIN,Brc1cccc(c1)C(=O)Nc2ccc(cc2)c3nc4cc5ccccc5cc4[nH]3
MMV665783,0.0338,INACTIVE,TRAIN,CCN(CC)CCCNc1ccnc2cc3ccccc3cc12
MMV000787,0.407,INACTIVE,TRAIN,CCCOCc1cc(CN2CCN(CC2)c3cccc(Cl)c3)c(O)c4ncccc14
MMV666106,1.07,INACTIVE,TRAIN,O=C(NC1CCCCC1)C(N(CCc2ccccc2)C(=O)c3occc3)c4cccs4
MMV666022,0.83,INACTIVE,TRAIN,COc1ccc(cc1)C(=O)NC(c2ccccc2Cl)c3cc(Cl)c4cccnc4c3O
MMV498479,1.663,INACTIVE,TRAIN,CCOC(=O)c1cnc2c(CC)cccc2c1O
MMV007396,0.697,INACTIVE,TRAIN,Cc1ccccc1OCCSc2nc3ccc(NC(=O)c4cccs4)cc3s2
MMV000617,4.6141,INACTIVE,TRAIN,COc1ccc(cc1)C(O)(CCC(C)C)C(CN2CCOCC2)c3ccc(Cl)cc3
MMV006764,0.5115,ACTIVE,TRAIN,CCOc1c(Br)cc(cc1OC)C2C(=CN(C)C=C2C(=O)OC)C(=O)OC
MMV007275,0.539,ACTIVE,TRAIN,Cc1ccc(F)cc1NC(=O)c2cc(Cl)ccc2Nc3ccccc3
MMV007273,0.35,INACTIVE,TRAIN,COc1cc(cc(OC)c1O)c2nc(c3ccc(Sc4ccccc4)cc3)c([nH]2)c5ccccc5
MMV666026,3.84,INACTIVE,TRAIN,COc1ccc(cc1)c2cc3C(=O)c4ccccc4c3nn2
MMV665923,0.1343,INACTIVE,TRAIN,FC(F)(F)c1cccc(c1)N2N=Nc3ccccc3C2=N
MMV666025,1.26,ACTIVE,TRAIN,OC(Cn1nnc2ccccc12)Cn3c4ccc(Br)cc4c5cc(Br)ccc35
MMV666060,0.848636956,INACTIVE,TRAIN,COc1ccc(CN2CCCC(C2)C(=O)c3ccc(cc3)C(F)(F)F)c(O)c1
MMV666597,0.551,INACTIVE,TRAIN,CCCCCCc1cc2C=C(C(=Nc3ccccc3C)Oc2cc1O)c4nc5ccccc5[nH]4
MMV007224,1.061,INACTIVE,TRAIN,Brc1ccc(Nc2nc3ccccc3nc2Nc4ccc(Br)cc4)cc1
MMV020912,1.034054877,INACTIVE,TRAIN,Cc1ccc(cc1NCc2cc(Cc3ccccc3)ccc2O)c4oc5ccccc5n4
MMV007181,0.684,INACTIVE,TRAIN,Cc1cc(Nc2ccc(OCc3ccccc3)cc2)nc4cc(O)ccc14
MMV007113,0.6615,INACTIVE,TRAIN,c1ccc(cc1)C2=Nc3ccccc3N=C(c4ccccc4)c5ccccc25
MMV007228,0.3045,INACTIVE,TRAIN,Cc1cccc(c1)N2C(=O)C3C(C2=O)C4(C(=O)C3(C(=C4c5ccc6OCOc6c5)c7ccc8OCOc8c7)c9ccccc9)c%10ccccc%10
MMV665972,1.14,INACTIVE,TRAIN,Oc1ccc2ccccc2c1C(NC(=O)Cc3ccccc3)c4ccc(Cl)cc4
MMV073843,0.1748,INACTIVE,TRAIN,CN(C)c1ccc(cc1)N=Cc2ccc(cc2)N3CCOCC3
MMV006303,0.391,INACTIVE,TRAIN,c1(c(ccn2)NCCN(CC)CC)c2cc(cccc3)c3c1
MMV667490,1.79,INACTIVE,TRAIN,C12=C(N=CN(CCCn(ccn3)c3)C1=N)Oc4c(ccc(cccc5)c45)C2c6ccc(OC)c(OC)c6
MMV667492,1.19,INACTIVE,TRAIN,C1(N(C)N=O)=C(NC2CCCCC2)C(=O)c(cccc3)c3C1=O
MMV019881,0.646,INACTIVE,TRAIN,O=C(NC1CCN(Cc2ccccc2)CC1)c3cc(cc(c3)C(=O)NC4CCN(Cc5ccccc5)CC4)C(=O)NC6CCN(Cc7ccccc7)CC6
MMV000478,0.746,INACTIVE,TRAIN,CCOc1cc2CCNC(c3cc(Cl)ccc3O)c2cc1OCC
MMV020403,0.79193223,INACTIVE,TRAIN,COc1ccc(cc1)c2cn3c(C(=O)Nc4ccccc4Cl)c(c5CCCCn2c35)c6ccccc6
MMV007764,0.716,INACTIVE,TRAIN,CCCCC1=C(CCC)C(=N)c2ccccc2N1C
MMV665830,1.005,INACTIVE,TRAIN,CC1CC2=C(CC1CNCCCN(C)C)C(C)(C)CCC2
MMV665886,1.03,INACTIVE,TRAIN,CC(Oc1ccc(NC(=O)c2cccs2)cc1)C(=O)c3ccc(Cl)cc3
MMV396664,0.615,INACTIVE,TRAIN,c1(C(OCC)=O)c(cc(cc2)OC(=O)c(cc3OC)cc(OC)c3OC)c2n(c4ccccc4)c1C
MMV001239,15,INACTIVE,TRAIN,COc1ccc2sc(nc2c1)N(Cc3cccnc3)C(=O)c4ccc(cc4)C#N
MMV667491,1.23,INACTIVE,TRAIN,C12=C(N=CN(CCCN(C)C)C1=N)Oc3c(ccc(cccc4)c34)C2c5ccc(OC)cc5
MMV006169,0.776,INACTIVE,TRAIN,C(Nc1nc(Nc2ccccc2)nc3ccccc13)c4ccccc4
MMV086103,0.906,INACTIVE,TRAIN,CC1=CC(=O)Oc2c1ccc3oc(C(=O)c4ccc(C)cc4)c(C)c23
MMV084434,0.591,INACTIVE,TRAIN,COc1ccc(C=C2SC(=NC2=O)Nc3ccc(F)cc3)c(OC)c1
MMV666692,0.387,INACTIVE,TRAIN,CCCCCCc1cc2C=C(C(=O)Oc2cc1O)c3csc(C=Cc4ccccc4)n3
MMV665836,0.551,INACTIVE,TRAIN,COc1ccc(C=C2SC(=NC2=O)Nc3ccccc3)cc1
MMV665881,1.06,INACTIVE,TRAIN,COc1ccc(CNC(=O)C2=CC3=C(N=C4C=CC=CN4C3=O)N(CCc5ccccc5)C2=N)cc1
MMV665875,0.545,INACTIVE,TRAIN,CN1C(=O)N(C)c2cc(CNCCNc3ccnc4cc(Cl)ccc34)ccc12
MMV007020,4,INACTIVE,TRAIN,CCOc1ccc2nc(C)cc(Nc3ccc(cc3)N(C)C)c2c1
MMV006656,0.5185,ACTIVE,TRAIN,CCOC(=O)C1=CN(C)C=C(C1c2cc(Br)c(OCC)c(OC)c2)C(=O)OCC
MMV396726,1.16,INACTIVE,TRAIN,c1(C#N)nc(Cc2cccc(cccc3)c23)oc1N(CC4)CCN4C(c5ccccc5)c6ccccc6
MMV006522,0.48,INACTIVE,TRAIN,CCOc1ccc2nc(C)cc(Nc3ccc(Br)cc3)c2c1
MMV666686,0.814,INACTIVE,TRAIN,COc1ccccc1C(=O)ON=C(N)Cc2cccc3ccccc23
MMV007474,1.27,INACTIVE,TRAIN,COc1cc2CCN(C)C3Cc4ccc(Oc5cc(CC6N(C)CCc7cc(OC)c(OC)c(Oc1cc23)c67)ccc5O)cc4
MMV006962,0.993,INACTIVE,TRAIN,Clc1ccc(cc1)C(=O)Nc2ccc(cc2)c3nc4cc(NC(=O)c5ccc(Cl)cc5)ccc4[nH]3
MMV665813,2.7659,INACTIVE,TRAIN,CCOC(=O)c1cnc2ccc(OC)cc2c1NCc3ccccc3
MMV080034,1,INACTIVE,TRAIN,n1c(N)c2c(cccc2)nc1Nc3cccc(F)c3
MMV019199,4,INACTIVE,TRAIN,COc1cccc(Nc2nc(N)c3ccccc3n2)c1
MMV396652,1.18,INACTIVE,TRAIN,c1(C(c2cccs2)N(CCN3c4ccccc4)CC3)c(C)c(C)sc1NC(c5ccccc5)=O
MMV000704,1.1,INACTIVE,TRAIN,c1(Nc(cc2)ccc2N(CC3)CCN3C)c4c(ccc(OC)c4)ncc1C(OCC)=O
MMV396635,0.959,INACTIVE,TRAIN,n12c(nc(c3ccc(Cl)s3)cc1C(F)(F)F)cc(C(=O)NC(CC4)CCN4Cc5ccccc5)n2
MMV000986,1.43,INACTIVE,TRAIN,c1(N(CC2)CCN2C)c3c(nc(Nc(ccc4O)cc4)n1)cccc3
MMV008160,0.552,INACTIVE,TRAIN,CN1C=C(C(c2ccccc12)c3c[nH]c4ccccc34)c5ccc6ccccc6n5
MMV000753,0.326,INACTIVE,TRAIN,Oc1ccc(cc1)c2nc(c3ccc4oc5ccc(cc5c4c3)c6[nH]c(nc6c7ccccc7)c8ccc(O)cc8)c([nH]2)c9ccccc9
MMV011436,0.9465,INACTIVE,TRAIN,CC(C)(C)c1ccc(cc1)C2CC(=C3C(N(C(=O)c4ccccc4Cl)c5ccccc5N=C3C2)c6ccc(F)cc6)O
MMV665882,0.466,INACTIVE,TRAIN,OC(CNC1CCCCC1)Cn2c3ccc(I)cc3c4cc(I)ccc24
MMV665809,1.4809,INACTIVE,TRAIN,Oc1ccc(Br)cc1CN2CCN(Cc3ccc(Cl)cc3)CC2
MMV665810,1.01,INACTIVE,TRAIN,O=C(Nc1cccc(c1)C2=NCCN2)Nc3cccc(c3)C4=NCCN4
MMV665927,0.555,INACTIVE,TRAIN,ClCC(=O)NCCOc1ccc(Cl)cc1Cl
MMV667486,0.191929509,INACTIVE,TRAIN,CCOc1ccc(cc1)N2C(=NC(=NC2(C)C)N)N
MMV667488,0.373,INACTIVE,TRAIN,C12=C(C=C(C(=O)NCc(cccn3)c3)C(=N)N1CCc(cc4)ccc4OC)C(=O)N(C=CC=C5C)C5=N2
MMV006825,0.467,INACTIVE,TRAIN,n1c(Nc(cc2)ccc2OC)cc(C)nc1NCc3ccccc3
MMV009085,0.795,INACTIVE,TRAIN,OCCCCN1C(=O)c2ccc3C(=O)N(CCCCO)C(=O)c4ccc(C1=O)c2c34
MMV007591,1.121,INACTIVE,TRAIN,COc1ccc(cc1)C(=O)C(CCC(CNC(C)(C)C)C(=O)c2ccc(OC)cc2)CNC(C)(C)C
MMV128432,1.79,INACTIVE,TRAIN,COc1cc(CNCCc2ccc(Cl)cc2)cc(OC)c1O
MMV665852,1.16,INACTIVE,TRAIN,Clc1ccc(NC(=O)Nc2ccc(Cl)c(Cl)c2)cc1Cl
MMV396717,0.916,INACTIVE,TRAIN,c([nH]nc1c2c(O)cc(C)c(Cl)c2)(C3=O)c1C(c4ccccc4F)N3CCc(cc5)ccc5OC
MMV638723,0.385,INACTIVE,TRAIN,N1(C=CC(N)=NC1=O)C2O[C@@H]([C@@H](O)[C@H]2O)CO
MMV396594,1.06,INACTIVE,TRAIN,c12c(nc(c3ccc(OC)cc3)nc1N4CCN(C(=O)C5CCCCC5)CC4)sc(CCCC6)c26
MMV396665,0.898,INACTIVE,TRAIN,c1(sc(cc2c(c3CC2)c4ccc3)c4n1)NC(=O)c(cc5OC)cc(OC)c5OC
MMV396723,1.24,INACTIVE,TRAIN,N1(CC(=O)c(ccc(Cl)c2Cl)c2)c3c(cccc3)N(CCN4CCCCC4)C1=N
MMV007654,0.493,INACTIVE,TRAIN,Cc1ccc(C)c(c1)c2csc(Nc3ccc(C)c(C)c3)n2
MMV011832,0.646,INACTIVE,TRAIN,Oc1ccc2ccccc2c1CNc3nc4ccccc4[nH]3
MMV020750,1.18,INACTIVE,TRAIN,COc1cc(cc(OC)c1O)c2nc(c3ccccc3)c([nH]2)c4ccccc4
MMV007092,1.2,INACTIVE,TRAIN,CCOc1ccc(CN2CCN(CC(O)COc3ccc(OCC(O)CN4CCN(Cc5ccc(OCC)cc5)CC4)cc3)CC2)cc1
MMV665898,1.22,INACTIVE,TRAIN,COc1cc(cc(OC)c1OC)C(=O)Nc2ccc(cc2)c3nc4ccccc4[nH]3
MMV665864,0.706,INACTIVE,TRAIN,CCCCNc1nc(NC(C)(C)C)nc(NC(C)(C)C)n1
MMV665814,1.01,INACTIVE,TRAIN,Oc1c(ccc2cccnc12)C(Nc3ccccn3)c4cccc(Oc5ccccc5)c4
MMV007285,4,INACTIVE,TRAIN,CCOc1ccc(Nc2ccnc3cc(Cl)ccc23)cc1
MMV396663,1.02,INACTIVE,TRAIN,c1(C(c(cccn2)c2)N3CCC(CC3)Cc4ccccc4)c(C)c(C)sc1NC(=O)c5ccco5
MMV007041,4,INACTIVE,TRAIN,Cc1ccc2c(C)nc(Nc3nc(C)cc(n3)c4ccccc4)nc2c1
MMV000340,0.6945,INACTIVE,TRAIN,CCN1C2=C(CCC2)C(=N)C3=C1CCCC3
MMV666687,0.782,INACTIVE,TRAIN,COc1cc(cc(OC)c1OC)C(=O)ON=C(N)Cc2cccc3ccccc23
MMV645672,0.89,INACTIVE,TRAIN,C12=C(c3c(cccc3)C1=O)Nc4c(cccc4)SC2c5ccccc5
MMV011438,0.3265,INACTIVE,TRAIN,COC(=O)c1ccc(cc1)C2N(C(=O)c3ccccc3)c4ccccc4N=C5CC(CC(=C25)O)c6ccc(F)cc6
MMV665840,0.838,INACTIVE,TRAIN,Clc1ccc(cc1Cl)C(=O)Nc2ccc(cc2)c3nc4ccccc4[nH]3
MMV665894,0.536,INACTIVE,TRAIN,CC(=O)c1sc(NC(=O)Nc2ccc(C)cc2C)nc1C
MMV011522,4,INACTIVE,TRAIN,Cc1ccc(Nc2nc(N)c3ccccc3n2)cc1Cl
MMV020243,1.15,INACTIVE,TRAIN,n1c(N(C)C)cc(C)nc1Nc(cc2)ccc2NC(=O)Nc3ccccc3
MMV667489,0.939,INACTIVE,TRAIN,N1C(c2cccc(cccc3)c23)C(CC=C4)C4c5c1c(Cl)ccc5C(OC)=O
MMV396770,1.33,INACTIVE,TRAIN,c(n1)(nc(NNC(=O)c(cc2)ccc2)cc1N(CCC3)C3)N(C4)CCC4
MMV009015,0.6765,INACTIVE,TRAIN,OC(COc1ccccc1C(=O)CCc2ccccc2)CN3CCCCC3
MMV008829,1.109,INACTIVE,TRAIN,CCCN1C(=N)C(=CC2=C1N=C3N(C=CC=C3C)C2=O)C(=O)NC4CCCCC4
MMV011895,0.842,INACTIVE,TRAIN,Nc1ccc(cc1)c2nc3cc(Oc4ccc(Oc5ccc6[nH]c(nc6c5)c7ccc(N)cc7)cc4)ccc3[nH]2
MMV666689,0.532,INACTIVE,TRAIN,COc1ccc(Nc2nc(NN=Cc3ccc(O)cc3)nc(Nc4ccc(cc4)[N+](=O)[O-])n2)cc1
MMV665824,0.00692,INACTIVE,TRAIN,Cn1c(nc2ccccc12)C(=O)c3cccc4ccccc34
MMV665812,2.1685,INACTIVE,TRAIN,CCc1ccc(CNCC(O)c2ccccc2)cc1
MMV001041,0.59,INACTIVE,TRAIN,OCCNc1nc(Nc2ccc(Cl)c(Cl)c2)nc3ccccc13
BTB05965,,INACTIVE,TRAIN,COC(=O)c1c(ccs1)OC(=O)c1cccnc1Oc1ccccc1
BTB10004,,INACTIVE,TRAIN,c1ccc(cc1)COc1c(c(C(=O)O)oc1C(=O)O)OCc1ccccc1
BTB11460,,INACTIVE,TRAIN,CCN(CC)C(=O)CSc1nnc2nnc3cc(ccc3n12)Cl
CD07424,,INACTIVE,TRAIN,c1cc(cnc1)CNc1ccc(c(c1C#N)NCc1cccnc1)N(=O)=O
GK00018,,INACTIVE,TRAIN,CCOC(=O)C(=CNc1ccsc1C(=O)OC)C(=O)OCC
HTS04222,,INACTIVE,TRAIN,COc1ccc(c(c1)S(=O)(=O)Nc1ccc2COC(=O)c2c1)OC
HTS04903,,INACTIVE,TRAIN,CCOC(=O)c1c(c2cc(ccc2n1C)N(=O)=O)N=C(c1c(C)nns1)O
HTS08683,,INACTIVE,TRAIN,Cc1c(c2nnc(n2C2CC2)SCC(=O)c2ccc(cc2)C#N)snn1
HTS12704,,INACTIVE,TRAIN,c1ccc(cc1)C1=Nn2c(Cn3c4ccccc4nn3)nnc2SC1
HTS13895,,INACTIVE,TRAIN,Cc1c(CN(C)C(=O)c2cccc3c2nsn3)c(c2ccccc2)no1
JFD02381,,INACTIVE,TRAIN,CCOC(=O)COc1cc(c2c(=O)cc(c3ccccc3)oc2c1)O
KM08910,,INACTIVE,TRAIN,CCOC(=O)c1cnc2c(c(C)nn2C)c1NNc1ccccc1
KM09116,,INACTIVE,TRAIN,c1ccc(cc1)c1c(c2ccccc2nn1)C(=O)Oc1ccccc1
KM11054,,INACTIVE,TRAIN,c1ccc(cc1)C(=NCc1ccc(s1)S(=O)(=O)Nc1ccccc1Cl)O
NRB00250,,INACTIVE,TRAIN,c1cc(ccc1C(=O)CSCCSCC(=O)c1ccc(cc1)F)F
S08837,,INACTIVE,TRAIN,c1ccc(c(c1)c1nc2ccccc2c(=O)o1)NS(=O)(=O)c1ccc(cc1)Cl
SEW05657,,INACTIVE,TRAIN,COC(=O)CSc1ccc(c(n1)SCC(=O)OC)N(=O)=O
SPB02821,,INACTIVE,TRAIN,CCCCN=C(n1ccc(c2c(=O)ccn(c3ccc(cc3)F)n2)n1)O
UNKN1,0.00044,ACTIVE,TRAIN,C[C@@H](C1)N[C@@]2(C(NC3=C2C=C(Cl)C=C3)=O)C4=C1C5=CC(F)=C(Cl)C=C5N4
UNKN2,,ACTIVE,TRAIN,C[C@@H](C1)N[C@@]2(C(NC3=C2C=C(Cl)C=C3)=O)C4=C1C5=CC(F)=C(F)C=C5N4
UNKN3,0.022,ACTIVE,TRAIN,C[C@@H](CC1)N[C@@]2(C(NC3=C2C=C(Cl)C=C3)=O)C4=C1C5=CC=CC=C5N4
UNKN4,0.03,ACTIVE,TRAIN,O=C1C2=CC=CC=C2[C@H](C(NC3=CC(C#N)=C(F)C=C3)=O)[C@@H](C4=CN=CC=C4)N1CC(F)(F)F
UNKN5,0.93,PARTIAL,TRAIN,O=C1C2=CC=CC=C2[C@@H](C(NC3=CC(C#N)=C(F)C=C3)=O)[C@H](C4=CN=CC=C4)N1CC(F)(F)F
UNKN6,0.184,ACTIVE,TRAIN,O=C(NC1=CC=C(F)C=C1F)NC2=C(C3=CC=C(Br)C=C3)C(C(F)(F)F)=NN2C
